practice_code,year,covid_year,sat_start,sat_end,register,list_size,copd_prevalence,lat,lon,n_lsoas,n_unique_lsoas,wy_patients,total_wy_patients,image_path,image_std,elevation_lsoa_weighted,ndvi_lsoa_weighted,evi_lsoa_weighted,no2_lsoa_weighted,pm25_lsoa_weighted,lst_lsoa_weighted,pop_lsoa_weighted,area,year_int,no2_lag1,ndvi_lag1,no2_change,evi_lag1,pm25_lag1,pop_lag1,image_path_local,pred_stacking,actual,ci_halfwidth,underdiagnosis_gap,underdiagnosis_flag,no2_rank,ndvi_rank,copd_rank,env_burden
B82004,2023-24,0,2023-04-01,2024-03-31,133.0,10903,1.22,53.95679377410468,-1.7183322314049587,9.0,9,363.0,363,/content/drive/MyDrive/wy_images/B82004_2023_24.png,17.96734620581863,249.4,0.7396,0.4682587451160653,89.33,0.1658782793,6.14,2.56,Kirklees,5,89.69,0.716,-0.35999999999999943,0.4669005194208228,0.1343854525,2.53,D:/space2Health/wy_images/B82004_2023_24.png,1.5740131778732862,1.22,1.0409976911362617,0.35401317787328623,1,0.0064516129032258064,0.03870967741935483,0.08387096774193549,0.03161290322580645
B82012,2023-24,0,2023-04-01,2024-03-31,171.0,14996,1.14,53.95035927337279,-1.5360090153846155,12.0,12,4225.0,4225,/content/drive/MyDrive/wy_images/B82012_2023_24.png,19.723087686887297,108.1,0.7107,0.4646429280625144,92.69,0.1742594874999999,1.91,10.86,Kirklees,5,97.05,0.6382,-4.359999999999999,0.4219322362675247,0.135108259,10.87,D:/space2Health/wy_images/B82012_2023_24.png,1.5636715563902928,1.14,1.0409976911362617,0.42367155639029286,1,0.025806451612903226,0.10322580645161294,0.04838709677419355,0.0535483870967742
B82013,2023-24,0,2023-04-01,2024-03-31,381.0,20122,1.89,53.954800167464114,-1.5696383492822965,16.0,16,418.0,418,/content/drive/MyDrive/wy_images/B82013_2023_24.png,18.609405831831364,143.3,0.6577,0.4500878878418753,94.08,0.1714186834999999,2.56,17.24,Kirklees,5,96.39,0.6096,-2.3100000000000023,0.4248872948747415,0.1389345745,17.26,D:/space2Health/wy_images/B82013_2023_24.png,2.044915350257226,1.89,1.0409976911362617,0.15491535025722603,0,0.07741935483870968,0.23225806451612907,0.4,0.18838709677419357
B82014,2023-24,0,2023-04-01,2024-03-31,109.0,6834,1.59,53.952850608695655,-1.5535491304347826,8.0,8,115.0,115,/content/drive/MyDrive/wy_images/B82014_2023_24.png,17.403196119595098,130.1,0.6279,0.4301917168467019,93.38,0.1678937702,2.05,16.06,Kirklees,5,96.0,0.5793,-2.6200000000000045,0.4088271937485635,0.1323460260999999,15.9,D:/space2Health/wy_images/B82014_2023_24.png,1.722228909581724,1.59,1.0409976911362617,0.13222890958172395,0,0.04516129032258064,0.3354838709677419,0.23225806451612904,0.1696774193548387
B82016,2023-24,0,2023-04-01,2024-03-31,150.0,8340,1.8,53.95893597826087,-1.5560589130434783,6.0,6,184.0,184,/content/drive/MyDrive/wy_images/B82016_2023_24.png,16.849469770425095,128.5,0.6337,0.4370562629280625,93.65,0.1687308685,2.58,19.24,Kirklees,5,96.36,0.5803,-2.7099999999999937,0.4129385796368651,0.1365266472,19.21,D:/space2Health/wy_images/B82016_2023_24.png,1.7303592327060435,1.8,1.0409976911362617,-0.06964076729395652,0,0.07096774193548387,0.2967741935483871,0.3193548387096774,0.18838709677419355
B82026,2023-24,0,2023-04-01,2024-03-31,704.0,32972,2.14,53.93067752380953,-1.2927150476190474,13.0,13,105.0,105,/content/drive/MyDrive/wy_images/B82026_2023_24.png,15.868671984833682,38.4,0.595,0.4071936520340151,94.49,0.1867498986,7.16,12.14,Kirklees,5,98.66,0.5671,-4.170000000000002,0.3765234474833371,0.1399607437999999,12.15,D:/space2Health/wy_images/B82026_2023_24.png,2.2944016379633227,2.14,1.0409976911362617,0.15440163796332262,0,0.0967741935483871,0.4774193548387097,0.5161290322580645,0.2948387096774193
B82027,2023-24,0,2023-04-01,2024-03-31,278.0,14196,1.96,53.9572939009901,-1.5622624554455449,9.0,9,505.0,505,/content/drive/MyDrive/wy_images/B82027_2023_24.png,18.16348766002225,139.6,0.6495,0.4445632130544702,93.54,0.1701207898,2.43,17.59,Kirklees,5,96.36,0.595,-2.819999999999993,0.4175822431624914,0.1369003279,17.67,D:/space2Health/wy_images/B82027_2023_24.png,2.0075205716371602,1.96,1.0409976911362617,0.04752057163716028,0,0.05161290322580645,0.2387096774193549,0.4129032258064516,0.18
B82031,2023-24,0,2023-04-01,2024-03-31,164.0,10877,1.51,53.82063283955683,-1.267831981945014,10.0,10,2437.0,2437,/content/drive/MyDrive/wy_images/B82031_2023_24.png,18.05729815059476,27.1,0.6229,0.4110664307055849,103.24,0.18472915,6.37,7.12,Kirklees,5,103.56,0.5449,-0.3200000000000074,0.3484228591128476,0.1490221896999999,7.03,D:/space2Health/wy_images/B82031_2023_24.png,1.4299132207609606,1.51,1.0409976911362617,-0.0800867792390394,0,0.41935483870967744,0.3612903225806452,0.2032258064516129,0.3587096774193549
B82053,2023-24,0,2023-04-01,2024-03-31,228.0,14777,1.54,53.946527928311696,-2.0115632976623377,52.0,52,9625.0,9625,/content/drive/MyDrive/wy_images/B82053_2023_24.png,40.367061844413406,158.9,0.689,0.4523271247988967,92.76,0.1621031313,4.41,8.42,Kirklees,5,87.34,0.6678,5.420000000000002,0.4363404412778672,0.1336364215,8.42,D:/space2Health/wy_images/B82053_2023_24.png,1.5376694318963406,1.54,1.0409976911362617,-0.0023305681036593917,0,0.03225806451612903,0.14193548387096777,0.2129032258064516,0.10129032258064516
B82059,2023-24,0,2023-04-01,2024-03-31,262.0,11026,2.38,53.94555261627907,-1.5905264534883718,20.0,20,172.0,172,/content/drive/MyDrive/wy_images/B82059_2023_24.png,17.24344931754552,163.8,0.632,0.4379923373937026,94.1,0.1682811905,3.12,18.45,Kirklees,5,96.24,0.5818,-2.1400000000000006,0.4182430016088255,0.135772404,18.59,D:/space2Health/wy_images/B82059_2023_24.png,2.2158706357356843,2.38,1.0409976911362617,-0.16412936426431557,0,0.08387096774193549,0.3129032258064516,0.6935483870967742,0.2745161290322581
B82060,2023-24,0,2023-04-01,2024-03-31,254.0,12821,1.98,53.94483588785047,-1.5297934579439254,16.0,16,107.0,107,/content/drive/MyDrive/wy_images/B82060_2023_24.png,19.05503471835712,104.7,0.6602,0.4559980050563088,92.33,0.1684522833999999,2.05,13.47,Kirklees,5,95.29,0.5978,-2.960000000000008,0.4073404872443116,0.1275879993,13.5,D:/space2Health/wy_images/B82060_2023_24.png,2.2610745134914705,1.98,1.0409976911362617,0.2810745134914705,0,0.01935483870967742,0.1967741935483871,0.4290322580645161,0.1545161290322581
B82073,2023-24,0,2023-04-01,2024-03-31,195.0,10696,1.82,53.790134819369726,-1.3232161798616446,74.0,74,2602.0,2602,/content/drive/MyDrive/wy_images/B82073_2023_24.png,22.961264896212327,58.9,0.6187,0.4056702367271891,105.13,0.1841488928,7.02,6.92,Kirklees,5,105.98,0.5675,-0.8500000000000085,0.3634918225695243,0.1445912085,6.99,D:/space2Health/wy_images/B82073_2023_24.png,1.763915390012351,1.82,1.0409976911362617,-0.05608460998764908,0,0.6516129032258065,0.3870967741935484,0.34516129032258064,0.5109677419354839
B82091,2023-24,0,2023-04-01,2024-03-31,93.0,7842,1.19,53.96005619047618,-1.5528663095238096,5.0,5,252.0,252,/content/drive/MyDrive/wy_images/B82091_2023_24.png,16.839183367813227,126.2,0.6366,0.4383043622155826,93.57,0.1689345324,2.58,18.46,Kirklees,5,96.39,0.582,-2.8200000000000074,0.4137278188922087,0.1362844794999999,18.61,D:/space2Health/wy_images/B82091_2023_24.png,1.6642102881555,1.19,1.0409976911362617,0.47421028815550015,1,0.05806451612903226,0.2774193548387097,0.06451612903225806,0.12516129032258067
B82105,2023-24,0,2023-04-01,2024-03-31,193.0,9355,2.06,53.87549532513181,-1.2764516564147628,17.0,17,6828.0,6828,/content/drive/MyDrive/wy_images/B82105_2023_24.png,16.44381398193353,27.0,0.6305,0.4057803631349115,98.62,0.1857858436999999,6.78,4.49,Kirklees,5,100.27,0.555,-1.6499999999999915,0.3522038657779821,0.1398975011,4.48,D:/space2Health/wy_images/B82105_2023_24.png,1.8973339915284981,2.06,1.0409976911362617,-0.16266600847150192,0,0.2,0.32258064516129037,0.47096774193548385,0.29096774193548386
B83002,2023-24,0,2023-04-01,2024-03-31,60.0,5374,1.12,53.924985549023326,-1.817652562108856,74.0,74,5273.0,5273,/content/drive/MyDrive/wy_images/B83002_2023_24.png,26.453874464774547,134.7,0.7654,0.4710119053091244,93.58,0.1701224513999999,5.91,11.76,Bradford,5,91.22,0.7178,2.3599999999999994,0.4559612962537347,0.126961478,11.75,D:/space2Health/wy_images/B83002_2023_24.png,1.1699828123174458,1.12,1.0409976911362617,0.049982812317445724,0,0.06451612903225806,0.006451612903225823,0.03870967741935484,0.041935483870967745
B83005,2023-24,0,2023-04-01,2024-03-31,127.0,7095,1.79,53.79830918241696,-1.7141264261168383,98.0,98,6984.0,6984,/content/drive/MyDrive/wy_images/B83005_2023_24.png,28.11970115057136,180.1,0.4899,0.3708519374856355,104.41,0.1749181543,2.95,30.55,Bradford,5,105.66,0.4245,-1.25,0.3372450287290278,0.1418485997,30.68,D:/space2Health/wy_images/B83005_2023_24.png,1.7497292790612744,1.79,1.0409976911362617,-0.040270720938725635,0,0.6064516129032258,0.8258064516129032,0.3096774193548387,0.6129032258064516
B83008,2023-24,0,2023-04-01,2024-03-31,368.0,20019,1.84,53.869076884580245,-1.9117868449903563,80.0,80,19702.0,19702,/content/drive/MyDrive/wy_images/B83008_2023_24.png,33.486828976234435,147.8,0.5762,0.417472116754769,94.68,0.1787589488,7.45,22.09,Bradford,5,91.93,0.523,2.75,0.3973924017467249,0.1318746151,22.02,D:/space2Health/wy_images/B83008_2023_24.png,1.8293630749952394,1.84,1.0409976911362617,-0.010636925004760656,0,0.1032258064516129,0.5612903225806452,0.3580645161290323,0.29161290322580646
B83009,2023-24,0,2023-04-01,2024-03-31,483.0,15803,3.06,53.75253492275738,-1.7803589536544202,231.0,231,15406.0,15406,/content/drive/MyDrive/wy_images/B83009_2023_24.png,21.35189536603685,182.4,0.6157,0.4510239623075155,103.86,0.1648025897999999,5.27,13.56,Bradford,5,102.78,0.5871,1.0799999999999983,0.4237860307975178,0.1431756957,13.56,D:/space2Health/wy_images/B83009_2023_24.png,2.851028631465188,3.06,1.0409976911362617,-0.20897136853481202,0,0.49032258064516127,0.41290322580645167,0.896774193548387,0.5483870967741935
B83010,2023-24,0,2023-04-01,2024-03-31,239.0,9973,2.4,53.76992663773321,-1.777685995211015,108.0,108,10023.0,10023,/content/drive/MyDrive/wy_images/B83010_2023_24.png,21.193803827364537,204.5,0.551,0.4097449138129165,103.67,0.1703710579,5.26,28.62,Bradford,5,103.55,0.52,0.12000000000000455,0.3935930406803034,0.1506012021,28.77,D:/space2Health/wy_images/B83010_2023_24.png,2.3311417433290824,2.4,1.0409976911362617,-0.0688582566709175,0,0.45806451612903226,0.6774193548387097,0.7129032258064516,0.5748387096774193
B83012,2023-24,0,2023-04-01,2024-03-31,217.0,11003,1.97,53.80237405064483,-1.8091045759201727,193.0,193,10623.0,10623,/content/drive/MyDrive/wy_images/B83012_2023_24.png,19.73577711138749,192.1,0.6301,0.4390568926683521,101.27,0.176824388,7.01,29.14,Bradford,5,98.88,0.5943,2.3900000000000006,0.4375885405653872,0.1380051227,29.1,D:/space2Health/wy_images/B83012_2023_24.png,1.8388869108898533,1.97,1.0409976911362617,-0.13111308911014663,0,0.3032258064516129,0.3290322580645161,0.41935483870967744,0.33419354838709675
B83014,2023-24,0,2023-04-01,2024-03-31,243.0,13510,1.8,53.85714655785681,-1.83648039621792,98.0,98,13326.0,13326,/content/drive/MyDrive/wy_images/B83014_2023_24.png,17.750111424925553,158.8,0.736,0.4810334084118593,95.89,0.1725675169999999,5.47,12.96,Bradford,5,94.72,0.689,1.1700000000000017,0.4772156929441508,0.1289097167,13.0,D:/space2Health/wy_images/B83014_2023_24.png,1.8582419544909208,1.8,1.0409976911362617,0.05824195449092073,0,0.12258064516129032,0.05161290322580647,0.3193548387096774,0.1406451612903226
B83015,2023-24,0,2023-04-01,2024-03-31,276.0,8583,3.22,53.77301983070637,-1.711488023350846,122.0,122,8565.0,8565,/content/drive/MyDrive/wy_images/B83015_2023_24.png,24.434949225054943,181.7,0.4478,0.3593070190760745,105.72,0.1820284314,4.25,17.93,Bradford,5,106.35,0.4202,-0.6299999999999955,0.3446234980464261,0.1436454432,17.85,D:/space2Health/wy_images/B83015_2023_24.png,3.074047657156799,3.22,1.0409976911362617,-0.14595234284320124,0,0.7161290322580646,0.9516129032258065,0.932258064516129,0.8300000000000001
B83016,2023-24,0,2023-04-01,2024-03-31,182.0,8572,2.12,53.80597596933848,-1.7347601907291166,87.0,87,8284.0,8284,/content/drive/MyDrive/wy_images/B83016_2023_24.png,23.222572113356307,162.9,0.5709,0.4187752792461503,104.26,0.1778182294999999,3.08,29.34,Bradford,5,104.19,0.5236,0.07000000000000739,0.3838835623994484,0.1419490498,29.17,D:/space2Health/wy_images/B83016_2023_24.png,2.244518434524655,2.12,1.0409976911362617,0.12451843452465505,0,0.5741935483870968,0.5870967741935484,0.4935483870967742,0.5619354838709678
B83018,2023-24,0,2023-04-01,2024-03-31,294.0,12506,2.35,53.83272112376798,-1.7328821627080302,217.0,217,12378.0,12378,/content/drive/MyDrive/wy_images/B83018_2023_24.png,24.40137259401899,142.3,0.632,0.4532999080671109,101.45,0.1737558892,3.06,20.79,Bradford,5,101.88,0.5754,-0.4299999999999926,0.3991544242702827,0.1330410873999999,20.81,D:/space2Health/wy_images/B83018_2023_24.png,2.0962865768280654,2.35,1.0409976911362617,-0.2537134231719347,0,0.3096774193548387,0.3129032258064516,0.6774193548387096,0.38419354838709674
B83020,2023-24,0,2023-04-01,2024-03-31,440.0,18360,2.4,53.77966567183176,-1.8553860071942443,290.0,290,18070.0,18070,/content/drive/MyDrive/wy_images/B83020_2023_24.png,19.937024394032544,290.7,0.73,0.4814372052401747,99.68,0.1621336216999999,5.38,8.27,Bradford,5,99.17,0.6911,0.5100000000000051,0.475765695242473,0.1421202999999999,8.3,D:/space2Health/wy_images/B83020_2023_24.png,2.152614893890446,2.4,1.0409976911362617,-0.247385106109554,0,0.22580645161290322,0.08387096774193548,0.7129032258064516,0.2806451612903226
B83022,2023-24,0,2023-04-01,2024-03-31,175.0,9527,1.84,53.85145157737778,-1.7715043806582176,46.0,46,9389.0,9389,/content/drive/MyDrive/wy_images/B83022_2023_24.png,20.312387990192583,150.3,0.7106,0.4701492484486325,99.76,0.1760650148,5.13,12.62,Bradford,5,98.13,0.643,1.6300000000000097,0.4310910825097679,0.1294938525,12.62,D:/space2Health/wy_images/B83022_2023_24.png,1.9174558723966282,1.84,1.0409976911362617,0.0774558723966281,0,0.23225806451612904,0.10967741935483866,0.3580645161290323,0.22064516129032258
B83025,2023-24,0,2023-04-01,2024-03-31,49.0,4456,1.1,53.78040578383415,-1.7686787584439785,166.0,166,4293.0,4293,/content/drive/MyDrive/wy_images/B83025_2023_24.png,20.97021542138047,176.5,0.4865,0.3749082601700758,104.0,0.1767037618,5.62,40.09,Bradford,5,104.2,0.457,-0.20000000000000284,0.3663551091703056,0.1544878643999999,40.17,D:/space2Health/wy_images/B83025_2023_24.png,1.3772251273448615,1.1,1.0409976911362617,0.2772251273448614,0,0.5096774193548387,0.8387096774193549,0.03225806451612903,0.5129032258064515
B83028,2023-24,0,2023-04-01,2024-03-31,254.0,10924,2.33,53.76658429589693,-1.802714647720004,107.0,107,10943.0,10943,/content/drive/MyDrive/wy_images/B83028_2023_24.png,20.28513419142406,264.2,0.6151,0.4352758860032176,102.47,0.1641563397,5.15,23.41,Bradford,5,102.46,0.5833,0.010000000000005116,0.4269246334176051,0.1493209372999999,23.33,D:/space2Health/wy_images/B83028_2023_24.png,2.3029907837805035,2.33,1.0409976911362617,-0.02700921621949659,0,0.36774193548387096,0.4258064516129032,0.6548387096774193,0.44258064516129025
B83029,2023-24,0,2023-04-01,2024-03-31,326.0,10146,3.21,53.75207755490197,-1.7667204725490195,60.0,60,10200.0,10200,/content/drive/MyDrive/wy_images/B83029_2023_24.png,44.10298366306108,185.1,0.6044,0.4516480119512756,104.21,0.165650649,5.14,14.0,Bradford,5,103.1,0.586,1.1099999999999994,0.4178392047805103,0.1431873498,13.99,D:/space2Health/wy_images/B83029_2023_24.png,3.0351724748186455,3.21,1.0409976911362617,-0.17482752518135447,0,0.5483870967741935,0.4580645161290322,0.9225806451612903,0.5961290322580645
B83031,2023-24,0,2023-04-01,2024-03-31,73.0,3947,1.85,53.85644270453362,-1.83090596925482,98.0,98,3838.0,3838,/content/drive/MyDrive/wy_images/B83031_2023_24.png,18.20389762088287,175.2,0.7481,0.4860625143645139,96.37,0.1710549558,5.26,12.32,Bradford,5,95.07,0.6904,1.3000000000000114,0.4846492254654103,0.1286223189,12.5,D:/space2Health/wy_images/B83031_2023_24.png,1.7626258488375104,1.85,1.0409976911362617,-0.0873741511624897,0,0.14193548387096774,0.012903225806451646,0.36774193548387096,0.14838709677419354
B83032,2023-24,0,2023-04-01,2024-03-31,56.0,4044,1.38,53.79692178238341,-1.7224220025906738,138.0,138,3860.0,3860,/content/drive/MyDrive/wy_images/B83032_2023_24.png,23.53300351866909,176.0,0.4844,0.3719899103654333,104.48,0.1770350278999999,3.32,38.83,Bradford,5,105.44,0.4232,-0.9599999999999937,0.3381260399908067,0.1429492311,38.63,D:/space2Health/wy_images/B83032_2023_24.png,1.3201556198360584,1.38,1.0409976911362617,-0.059844380163941446,0,0.6193548387096774,0.8516129032258064,0.13225806451612904,0.5916129032258065
B83033,2023-24,0,2023-04-01,2024-03-31,2054.0,86789,2.37,53.87724828222983,-1.9502006802805232,188.0,188,80849.0,80849,/content/drive/MyDrive/wy_images/B83033_2023_24.png,18.48871211810128,184.0,0.7334,0.4753251896115835,94.32,0.1716415666,5.48,11.53,Bradford,5,90.2,0.6745,4.11999999999999,0.4497575086187083,0.1297982067,11.45,D:/space2Health/wy_images/B83033_2023_24.png,2.0770386204868236,2.37,1.0409976911362617,-0.29296137951317647,0,0.09032258064516129,0.07096774193548383,0.6838709677419355,0.2032258064516129
B83035,2023-24,0,2023-04-01,2024-03-31,204.0,10991,1.86,53.78125250985944,-1.7663582869855392,91.0,91,9889.0,9889,/content/drive/MyDrive/wy_images/B83035_2023_24.png,20.8807139244566,172.4,0.4836,0.3737886416915651,104.15,0.1765781978,5.49,36.13,Bradford,5,104.46,0.4536,-0.30999999999998806,0.3640791634107102,0.1550610168,35.9,D:/space2Health/wy_images/B83035_2023_24.png,1.4980406038440695,1.86,1.0409976911362617,-0.36195939615593065,0,0.5419354838709678,0.8580645161290322,0.3741935483870968,0.6032258064516128
B83037,2023-24,0,2023-04-01,2024-03-31,228.0,10077,2.26,53.82355803578453,-1.8794562072355483,38.0,38,10172.0,10172,/content/drive/MyDrive/wy_images/B83037_2023_24.png,18.018204415610786,222.5,0.7323,0.4852732751091703,96.18,0.1678935037,6.58,5.1,Bradford,5,95.35,0.688,0.8300000000000125,0.4555207906228453,0.1293052508,5.12,D:/space2Health/wy_images/B83037_2023_24.png,2.323215471064506,2.26,1.0409976911362617,0.06321547106450609,0,0.13548387096774195,0.07741935483870965,0.5935483870967742,0.20967741935483872
B83038,2023-24,0,2023-04-01,2024-03-31,243.0,18793,1.29,53.814465911979575,-1.7899796002850863,188.0,188,16837.0,16837,/content/drive/MyDrive/wy_images/B83038_2023_24.png,20.785252146545496,190.3,0.6223,0.4374600597563778,102.14,0.1791541626,6.31,24.95,Bradford,5,99.71,0.5861,2.430000000000007,0.4327062698230292,0.1377227635,24.96,D:/space2Health/wy_images/B83038_2023_24.png,1.7517905230004565,1.29,1.0409976911362617,0.4617905230004564,1,0.33548387096774196,0.367741935483871,0.10967741935483871,0.3
B83039,2023-24,0,2023-04-01,2024-03-31,564.0,24126,2.34,53.837038770362376,-1.7826669493849734,153.0,153,24064.0,24064,/content/drive/MyDrive/wy_images/B83039_2023_24.png,31.70797473096288,123.7,0.7003,0.4729941806481268,99.79,0.1744064655999999,5.48,16.88,Bradford,5,98.22,0.6511,1.5700000000000074,0.4498125718225695,0.1315064937,16.86,D:/space2Health/wy_images/B83039_2023_24.png,2.4762065240830293,2.34,1.0409976911362617,0.13620652408302947,0,0.23870967741935484,0.11612903225806448,0.667741935483871,0.28774193548387095
B83041,2023-24,0,2023-04-01,2024-03-31,531.0,14790,3.59,53.77420361122604,-1.7168451737691353,139.0,139,14502.0,14502,/content/drive/MyDrive/wy_images/B83041_2023_24.png,37.36309632086071,181.1,0.4362,0.3542595587221328,105.65,0.1835420514,4.48,17.07,Bradford,5,106.22,0.4081,-0.5699999999999932,0.3383095840036773,0.1448743593999999,17.03,D:/space2Health/wy_images/B83041_2023_24.png,3.195043790280225,3.59,1.0409976911362617,-0.39495620971977496,0,0.7032258064516129,0.9741935483870968,0.967741935483871,0.8374193548387097
B83042,2023-24,0,2023-04-01,2024-03-31,338.0,8553,3.95,53.77347945834845,-1.726476467174465,96.0,96,8271.0,8271,/content/drive/MyDrive/wy_images/B83042_2023_24.png,43.28381498177398,181.3,0.4302,0.3532317122500574,105.52,0.1848320262,4.87,16.74,Bradford,5,105.91,0.4022,-0.39000000000000057,0.3345469317398299,0.1467137596,16.66,D:/space2Health/wy_images/B83042_2023_24.png,3.177470939067399,3.95,1.0409976911362617,-0.7725290609326012,0,0.6967741935483871,0.9806451612903225,0.9870967741935484,0.84
B83045,2023-24,0,2023-04-01,2024-03-31,310.0,12794,2.42,53.79170291559102,-1.8192375334428528,152.0,152,12783.0,12783,/content/drive/MyDrive/wy_images/B83045_2023_24.png,22.797312183041324,215.6,0.6357,0.4416265088485406,101.05,0.171137938,6.11,18.86,Bradford,5,99.99,0.6037,1.0600000000000023,0.4374417053550908,0.1425170195,18.95,D:/space2Health/wy_images/B83045_2023_24.png,2.79220122540353,2.42,1.0409976911362617,0.37220122540353007,1,0.2838709677419355,0.28387096774193543,0.7258064516129032,0.37225806451612903
B83052,2023-24,0,2023-04-01,2024-03-31,421.0,24715,1.7,53.787161551416936,-1.775651502206007,233.0,233,23572.0,23572,/content/drive/MyDrive/wy_images/B83052_2023_24.png,28.396644024921105,173.2,0.4955,0.3804696437600551,103.63,0.1813363948999999,6.2,37.52,Bradford,5,102.85,0.4627,0.7800000000000011,0.3741924385198805,0.1486441258,37.45,D:/space2Health/wy_images/B83052_2023_24.png,1.3549594437527217,1.7,1.0409976911362617,-0.34504055624727825,0,0.45161290322580644,0.8193548387096774,0.27741935483870966,0.5270967741935484
B83054,2023-24,0,2023-04-01,2024-03-31,178.0,6296,2.83,53.82956356122613,-1.7194322243620606,151.0,151,6231.0,6231,/content/drive/MyDrive/wy_images/B83054_2023_24.png,24.27850662257213,127.5,0.6051,0.4252727373017697,101.97,0.1750994877999999,3.13,18.1,Bradford,5,103.09,0.5285,-1.1200000000000045,0.3672544748333716,0.1323077532,18.21,D:/space2Health/wy_images/B83054_2023_24.png,2.395330666428919,2.83,1.0409976911362617,-0.43466933357108095,0,0.32903225806451614,0.4516129032258065,0.8483870967741935,0.46967741935483875
B83055,2023-24,0,2023-04-01,2024-03-31,742.0,32274,2.3,53.77433493260536,-1.7872523916567138,178.0,178,23444.0,23444,/content/drive/MyDrive/wy_images/B83055_2023_24.png,19.88791848703953,216.4,0.566,0.4131404780510228,102.97,0.1670532142999999,5.36,30.11,Bradford,5,103.27,0.5359,-0.29999999999999716,0.4046240358538267,0.1520509557,31.68,D:/space2Health/wy_images/B83055_2023_24.png,2.159857358896559,2.3,1.0409976911362617,-0.140142641103441,0,0.3935483870967742,0.6,0.6290322580645161,0.5025806451612903
B83056,2023-24,0,2023-04-01,2024-03-31,220.0,8258,2.66,53.81639181039832,-1.73042593125698,66.0,66,8059.0,8059,/content/drive/MyDrive/wy_images/B83056_2023_24.png,20.40779113834111,180.6,0.5869,0.4234556515743507,103.68,0.1745196940999999,2.69,28.88,Bradford,5,104.05,0.5269,-0.36999999999999034,0.3817177430475753,0.1397160484,28.93,D:/space2Health/wy_images/B83056_2023_24.png,2.2740958151770623,2.66,1.0409976911362617,-0.38590418482293787,0,0.46774193548387094,0.5161290322580645,0.8193548387096774,0.5525806451612902
B83062,2023-24,0,2023-04-01,2024-03-31,277.0,8773,3.16,53.81827595116872,-1.7245872899791714,219.0,219,8642.0,8642,/content/drive/MyDrive/wy_images/B83062_2023_24.png,21.73626259121552,161.1,0.5675,0.4089373201562859,103.25,0.173371046,2.72,23.41,Bradford,5,104.19,0.4955,-0.9399999999999977,0.3637854929901172,0.1385501018,23.62,D:/space2Health/wy_images/B83062_2023_24.png,2.196372987784989,3.16,1.0409976911362617,-0.963627012215011,0,0.4258064516129032,0.5935483870967742,0.9032258064516129,0.5716129032258064
B83063,2023-24,0,2023-04-01,2024-03-31,461.0,20280,2.27,53.82964029082551,-1.7789406301219266,337.0,337,20012.0,20012,/content/drive/MyDrive/wy_images/B83063_2023_24.png,22.935770840227857,125.3,0.6459,0.450546747874052,101.21,0.1762407673,5.87,20.67,Bradford,5,99.18,0.5952,2.029999999999987,0.4278239990806711,0.1336278791,20.64,D:/space2Health/wy_images/B83063_2023_24.png,1.927586154919739,2.27,1.0409976911362617,-0.34241384508026096,0,0.2903225806451613,0.2451612903225806,0.603225806451613,0.3393548387096774
B83064,2023-24,0,2023-04-01,2024-03-31,290.0,11335,2.56,53.824531018493474,-1.7372865701398288,94.0,94,11085.0,11085,/content/drive/MyDrive/wy_images/B83064_2023_24.png,20.939832262675868,159.6,0.618,0.4439575178119972,102.94,0.1754904564,3.12,24.66,Bradford,5,102.85,0.5678,0.09000000000000341,0.399851891519191,0.1369161287,24.76,D:/space2Health/wy_images/B83064_2023_24.png,2.238962047029577,2.56,1.0409976911362617,-0.32103795297042304,0,0.3870967741935484,0.3935483870967742,0.7677419354838709,0.46516129032258063
B83067,2023-24,0,2023-04-01,2024-03-31,172.0,7741,2.22,53.85433901393775,-1.8370297186400943,122.0,122,7677.0,7677,/content/drive/MyDrive/wy_images/B83067_2023_24.png,19.92166216465836,155.0,0.738,0.4825568237186853,96.03,0.172423081,5.67,13.56,Bradford,5,94.92,0.6945,1.1099999999999994,0.4776194897724661,0.1292833087,13.71,D:/space2Health/wy_images/B83067_2023_24.png,1.896106923452543,2.22,1.0409976911362617,-0.32389307654745725,0,0.12903225806451613,0.04516129032258065,0.5741935483870968,0.19290322580645164
B83604,2023-24,0,2023-04-01,2024-03-31,49.0,4286,1.14,53.80560574518597,-1.780079535742548,156.0,156,3791.0,3791,/content/drive/MyDrive/wy_images/B83604_2023_24.png,20.491039641794124,163.5,0.5566,0.4187569248448632,103.17,0.1774510844,6.68,36.74,Bradford,5,100.85,0.5169,2.3200000000000074,0.4081847897035164,0.1392044477,37.02,D:/space2Health/wy_images/B83604_2023_24.png,1.404022487487842,1.14,1.0409976911362617,0.2640224874878421,0,0.4129032258064516,0.6580645161290323,0.04838709677419355,0.4135483870967742
B83611,2023-24,0,2023-04-01,2024-03-31,134.0,11210,1.2,53.79989039560645,-1.7464058959322348,240.0,240,10743.0,10743,/content/drive/MyDrive/wy_images/B83611_2023_24.png,34.644269140403885,160.3,0.5256,0.3974658193518731,104.12,0.1796972733,4.51,34.42,Bradford,5,103.7,0.4792,0.4200000000000017,0.372834212824638,0.1435018164,34.44,D:/space2Health/wy_images/B83611_2023_24.png,1.5032483235149754,1.2,1.0409976911362617,0.30324832351497544,1,0.532258064516129,0.7354838709677419,0.07419354838709677,0.5016129032258064
B83620,2023-24,0,2023-04-01,2024-03-31,64.0,3418,1.87,53.93364599224306,-1.8932142210730447,32.0,32,3094.0,3094,/content/drive/MyDrive/wy_images/B83620_2023_24.png,18.55902063448609,173.9,0.7936,0.5187149942541944,93.01,0.1652995249,5.6,5.38,Bradford,5,89.39,0.7426,3.6200000000000045,0.4658359641461733,0.119826252,5.5,D:/space2Health/wy_images/B83620_2023_24.png,1.5913491266244586,1.87,1.0409976911362617,-0.2786508733755415,0,0.03870967741935484,0.0,0.38387096774193546,0.09612903225806452
B83621,2023-24,0,2023-04-01,2024-03-31,54.0,4406,1.23,53.784314044834304,-1.7749252826510722,129.0,129,4104.0,4104,/content/drive/MyDrive/wy_images/B83621_2023_24.png,27.01456188785096,169.6,0.5138,0.3882519099057688,103.73,0.1734709786,5.5,37.23,Bradford,5,103.88,0.4843,-0.14999999999999147,0.3803411629510457,0.1537954778,37.21,D:/space2Health/wy_images/B83621_2023_24.png,1.4327703634468298,1.23,1.0409976911362617,0.20277036344682986,0,0.4838709677419355,0.7741935483870968,0.09032258064516129,0.492258064516129
B83622,2023-24,0,2023-04-01,2024-03-31,90.0,4231,2.13,53.80090649064172,-1.791359282531194,138.0,138,4488.0,4488,/content/drive/MyDrive/wy_images/B83622_2023_24.png,31.70450135959535,168.8,0.571,0.4187018616410021,102.64,0.1772809625,6.94,39.96,Bradford,5,100.31,0.5342,2.3299999999999983,0.4163892070788325,0.1402437686,39.79,D:/space2Health/wy_images/B83622_2023_24.png,1.7969835888321823,2.13,1.0409976911362617,-0.33301641116781755,0,0.38064516129032255,0.5806451612903225,0.5064516129032258,0.46580645161290324
B83624,2023-24,0,2023-04-01,2024-03-31,273.0,17289,1.58,53.92506383953091,-1.8219216336376456,120.0,120,13473.0,13473,/content/drive/MyDrive/wy_images/B83624_2023_24.png,23.957128295965664,137.0,0.748,0.4544378809469086,91.23,0.1683244308,5.89,8.86,Bradford,5,88.69,0.6965,2.5400000000000063,0.4337708250976787,0.1314287724,8.88,D:/space2Health/wy_images/B83624_2023_24.png,1.4068369289580116,1.58,1.0409976911362617,-0.17316307104198847,0,0.012903225806451613,0.01935483870967747,0.22258064516129034,0.05677419354838712
B83626,2023-24,0,2023-04-01,2024-03-31,68.0,6496,1.05,53.80393317462756,-1.7301577023498689,119.0,119,6511.0,6511,/content/drive/MyDrive/wy_images/B83626_2023_24.png,23.12897287753685,177.9,0.5526,0.4067531464031257,104.23,0.1767661293,3.01,32.52,Bradford,5,104.56,0.4971,-0.3299999999999983,0.3709987726959319,0.1421586246999999,32.67,D:/space2Health/wy_images/B83626_2023_24.png,1.5228256692754156,1.05,1.0374500410639775,0.4728256692754156,1,0.5645161290322581,0.6645161290322581,0.012903225806451613,0.48419354838709683
B83627,2023-24,0,2023-04-01,2024-03-31,59.0,3729,1.58,53.81922107763301,-1.7730747882736153,169.0,169,3684.0,3684,/content/drive/MyDrive/wy_images/B83627_2023_24.png,23.77221502344264,127.3,0.5623,0.426263874971271,103.12,0.1766792636,6.55,25.99,Bradford,5,100.66,0.5187,2.460000000000008,0.4070835256262928,0.1368348375,25.75,D:/space2Health/wy_images/B83627_2023_24.png,1.5876241941507006,1.58,1.0409976911362617,0.007624194150700481,0,0.4064516129032258,0.6258064516129032,0.22258064516129034,0.4354838709677419
B83629,2023-24,0,2023-04-01,2024-03-31,73.0,3177,2.3,53.80530531189084,-1.7319046361273556,154.0,154,3078.0,3078,/content/drive/MyDrive/wy_images/B83629_2023_24.png,22.76158700567382,174.2,0.5598,0.4108645322914273,104.05,0.1763776533,3.17,30.78,Bradford,5,104.3,0.507,-0.25,0.3762848402666053,0.1417874461,30.95,D:/space2Health/wy_images/B83629_2023_24.png,2.2823973144280854,2.3,1.0409976911362617,-0.017602685571914467,0,0.5161290322580645,0.6451612903225806,0.6290322580645161,0.5774193548387097
B83642,2023-24,0,2023-04-01,2024-03-31,65.0,4293,1.51,53.80610762856381,-1.7800517532640554,152.0,152,3753.0,3753,/content/drive/MyDrive/wy_images/B83642_2023_24.png,20.565473767924207,164.3,0.5625,0.4200600873362445,103.09,0.1779306622,6.71,36.04,Bradford,5,100.66,0.5225,2.430000000000007,0.4108278234888531,0.1387521904999999,36.61,D:/space2Health/wy_images/B83642_2023_24.png,1.4421580174644948,1.51,1.0409976911362617,-0.06784198253550522,0,0.4,0.6193548387096774,0.2032258064516129,0.42645161290322586
B83657,2023-24,0,2023-04-01,2024-03-31,85.0,5714,1.49,53.7931978528687,-1.75931028687082,216.0,216,5682.0,5682,/content/drive/MyDrive/wy_images/B83657_2023_24.png,28.85805508747384,150.7,0.4846,0.3783955964146173,104.23,0.1820373377,5.35,29.43,Bradford,5,103.85,0.452,0.38000000000000966,0.3635101769708113,0.1486626804,29.56,D:/space2Health/wy_images/B83657_2023_24.png,1.5697523997699185,1.49,1.0409976911362617,0.07975239976991855,0,0.5645161290322581,0.8451612903225807,0.18064516129032257,0.5719354838709678
B83659,2023-24,0,2023-04-01,2024-03-31,80.0,3749,2.13,53.7908658758722,-1.7805659493206027,133.0,133,2723.0,2723,/content/drive/MyDrive/wy_images/B83659_2023_24.png,32.09384570499309,170.7,0.5585,0.411708834750632,103.53,0.1730060954,5.11,32.58,Bradford,5,103.1,0.5281,0.4300000000000068,0.4002923971500804,0.148474746,32.87,D:/space2Health/wy_images/B83659_2023_24.png,1.4617504787883795,2.13,1.0409976911362617,-0.6682495212116204,0,0.43870967741935485,0.6516129032258065,0.5064516129032258,0.5161290322580645
B83661,2023-24,0,2023-04-01,2024-03-31,38.0,2977,1.28,53.79861377010724,-1.7234355227882034,111.0,111,2984.0,2984,/content/drive/MyDrive/wy_images/B83661_2023_24.png,25.74664039615476,177.6,0.4983,0.3783221788094691,104.35,0.1765688361,3.26,37.93,Bradford,5,105.21,0.4361,-0.8599999999999994,0.3439443851988049,0.1428411272,37.96,D:/space2Health/wy_images/B83661_2023_24.png,1.3881848849008827,1.28,1.0409976911362617,0.10818488490088263,0,0.5935483870967742,0.8064516129032258,0.1032258064516129,0.5593548387096774
B84001,2023-24,0,2023-04-01,2024-03-31,295.0,10210,2.89,53.70835034380848,-1.9151350773322828,99.0,99,10151.0,10151,/content/drive/MyDrive/wy_images/B84001_2023_24.png,28.60801581319464,157.8,0.6235,0.4318436129625373,101.75,0.1670885898,5.04,13.09,Wakefield,5,99.14,0.5955,2.6099999999999994,0.4306322224775913,0.1427772851,13.08,D:/space2Health/wy_images/B84001_2023_24.png,2.7192480108766928,2.89,1.0377760694968299,-0.17075198912330736,0,0.3161290322580645,0.3548387096774194,0.864516129032258,0.4374193548387097
B84003,2023-24,0,2023-04-01,2024-03-31,205.0,7979,2.57,53.70613689202575,-1.782631952699356,49.0,49,8076.0,8076,/content/drive/MyDrive/wy_images/B84003_2023_24.png,23.126698043916992,110.0,0.6629,0.4493720661916801,105.83,0.1622606074,5.94,10.11,Wakefield,5,103.4,0.6199,2.4299999999999926,0.4223543874971271,0.145043,10.09,D:/space2Health/wy_images/B84003_2023_24.png,1.9037121907658245,2.57,1.0409976911362617,-0.6662878092341753,0,0.7354838709677419,0.1806451612903226,0.7774193548387097,0.5774193548387097
B84004,2023-24,0,2023-04-01,2024-03-31,318.0,18466,1.72,53.73806732290659,-1.9924251821992909,38.0,38,18606.0,18606,/content/drive/MyDrive/wy_images/B84004_2023_24.png,18.62374065614311,217.8,0.7449,0.4669372282233969,98.07,0.1664629816,5.87,5.49,Wakefield,5,94.49,0.6925,3.5799999999999983,0.450877127097219,0.1324791577,5.46,D:/space2Health/wy_images/B84004_2023_24.png,1.7480646862590095,1.72,1.0409976911362617,0.028064686259009486,0,0.17419354838709677,0.02580645161290318,0.2838709677419355,0.15161290322580645
B84006,2023-24,0,2023-04-01,2024-03-31,433.0,13389,3.23,53.71755531231094,-2.1026002866001208,24.0,24,13224.0,13224,/content/drive/MyDrive/wy_images/B84006_2023_24.png,23.1349521955462,224.9,0.6262,0.4034309997701678,98.69,0.1554472133,4.71,5.53,Wakefield,5,95.06,0.578,3.6299999999999955,0.4034493541714548,0.1252552466,5.52,D:/space2Health/wy_images/B84006_2023_24.png,2.966787345280027,3.23,1.0409976911362617,-0.2632126547199731,0,0.2064516129032258,0.34838709677419355,0.9451612903225807,0.3967741935483871
B84007,2023-24,0,2023-04-01,2024-03-31,177.0,10602,1.67,53.6786028906621,-1.9382782711123776,38.0,38,10527.0,10527,/content/drive/MyDrive/wy_images/B84007_2023_24.png,20.531848255724487,218.5,0.7354,0.4683505171225006,102.33,0.1585185005,5.08,4.8,Wakefield,5,99.5,0.6692,2.8299999999999983,0.4312929809239255,0.1405200125,4.84,D:/space2Health/wy_images/B84007_2023_24.png,1.6840920037426081,1.67,1.0409976911362617,0.014092003742608217,0,0.3548387096774194,0.06451612903225812,0.26129032258064516,0.24903225806451618
B84008,2023-24,0,2023-04-01,2024-03-31,223.0,15868,1.41,53.733802156112496,-1.811553566736816,37.0,37,15681.0,15681,/content/drive/MyDrive/wy_images/B84008_2023_24.png,21.814453917692788,182.5,0.7266,0.4729941806481268,103.43,0.1616160885999999,4.86,6.93,Wakefield,5,101.7,0.6563,1.730000000000004,0.4291088071707653,0.1416110257999999,6.88,D:/space2Health/wy_images/B84008_2023_24.png,1.6950116673469189,1.41,1.0409976911362617,0.28501166734691896,0,0.432258064516129,0.0903225806451613,0.14193548387096774,0.27161290322580645
B84009,2023-24,0,2023-04-01,2024-03-31,267.0,11535,2.31,53.67903242984138,-1.8679061992330488,39.0,39,11474.0,11474,/content/drive/MyDrive/wy_images/B84009_2023_24.png,23.463111340117383,164.9,0.633,0.4227214755228683,104.1,0.1595922852,5.33,7.44,Wakefield,5,101.46,0.5972,2.6400000000000006,0.4222075522868306,0.149982942,7.45,D:/space2Health/wy_images/B84009_2023_24.png,1.953006478793501,2.31,1.0409976911362617,-0.35699352120649896,0,0.5225806451612903,0.3032258064516129,0.6387096774193548,0.48
B84010,2023-24,0,2023-04-01,2024-03-31,303.0,10552,2.87,53.75257288394784,-1.8875359058072991,139.0,139,10659.0,10659,/content/drive/MyDrive/wy_images/B84010_2023_24.png,23.11643178285576,259.4,0.6673,0.4584024316249138,99.99,0.1597083269999999,5.97,14.56,Wakefield,5,99.74,0.6039,0.25,0.4308891840956102,0.1465982199,14.64,D:/space2Health/wy_images/B84010_2023_24.png,2.6642836388597297,2.87,1.0409976911362617,-0.20571636114027037,0,0.24516129032258063,0.17419354838709677,0.8580645161290322,0.3464516129032258
B84011,2023-24,0,2023-04-01,2024-03-31,240.0,11181,2.15,53.70469754011638,-1.783718462352319,93.0,93,11342.0,11342,/content/drive/MyDrive/wy_images/B84011_2023_24.png,23.77234626827073,114.0,0.6596,0.4451689082969432,105.73,0.1627571465999999,5.92,9.84,Wakefield,5,103.5,0.6212,2.230000000000004,0.4213632498276258,0.1460755376,9.84,D:/space2Health/wy_images/B84011_2023_24.png,1.805530244211291,2.15,1.0409976911362617,-0.34446975578870886,0,0.7225806451612903,0.20967741935483875,0.5258064516129032,0.5293548387096774
B84012,2023-24,0,2023-04-01,2024-03-31,509.0,28970,1.76,53.72205166312406,-1.8780450738763028,125.0,125,19289.0,19289,/content/drive/MyDrive/wy_images/B84012_2023_24.png,33.10037053380085,211.3,0.5641,0.3991911330728568,102.37,0.1668279864,3.98,22.11,Wakefield,5,100.95,0.5246,1.4200000000000017,0.3994664490921627,0.1495939215999999,24.45,D:/space2Health/wy_images/B84012_2023_24.png,1.9195708712623976,1.76,1.0409976911362617,0.15957087126239755,0,0.36129032258064514,0.6129032258064516,0.2903225806451613,0.42258064516129035
B84013,2023-24,0,2023-04-01,2024-03-31,250.0,8992,2.78,53.73167760447591,-1.8965168874172185,84.0,84,8758.0,8758,/content/drive/MyDrive/wy_images/B84013_2023_24.png,19.275161658740043,239.0,0.5863,0.4193993288899104,101.24,0.165311202,5.21,16.05,Wakefield,5,99.97,0.5443,1.269999999999996,0.4100752930360837,0.147242289,16.01,D:/space2Health/wy_images/B84013_2023_24.png,2.758732190380737,2.78,1.0409976911362617,-0.021267809619262668,0,0.2967741935483871,0.5225806451612903,0.832258064516129,0.4716129032258065
B84014,2023-24,0,2023-04-01,2024-03-31,94.0,5186,1.81,53.68855674876848,-1.7904064985221673,54.0,54,5075.0,5075,/content/drive/MyDrive/wy_images/B84014_2023_24.png,18.958181483719788,134.6,0.5912,0.3866183681912204,105.44,0.1660930676,5.85,10.85,Wakefield,5,104.82,0.6053,0.6200000000000045,0.4017056860491841,0.1545590199999999,11.04,D:/space2Health/wy_images/B84014_2023_24.png,1.8289834254812574,1.81,1.0409976911362617,0.01898342548125731,0,0.6838709677419355,0.5032258064516129,0.33225806451612905,0.5593548387096774
B84016,2023-24,0,2023-04-01,2024-03-31,287.0,11057,2.6,53.68634342886198,-1.8383152186373304,146.0,146,10817.0,10817,/content/drive/MyDrive/wy_images/B84016_2023_24.png,30.9307363490345,131.0,0.5413,0.3760462330498736,104.46,0.1663227272,4.61,8.59,Wakefield,5,103.33,0.5229,1.1299999999999955,0.4177107239715008,0.1556607348,8.52,D:/space2Health/wy_images/B84016_2023_24.png,2.2140796255866864,2.6,1.0409976911362617,-0.3859203744133137,0,0.6129032258064516,0.7032258064516129,0.7935483870967742,0.6761290322580645
B84019,2023-24,0,2023-04-01,2024-03-31,237.0,16606,1.43,53.71781054388308,-1.876847250368913,134.0,134,14231.0,14231,/content/drive/MyDrive/wy_images/B84019_2023_24.png,26.73681166414517,183.8,0.5419,0.3886924155366582,102.56,0.1670718246,3.7,22.75,Wakefield,5,101.34,0.5085,1.2199999999999989,0.3934462054700069,0.1506568404,22.88,D:/space2Health/wy_images/B84019_2023_24.png,1.892382138688835,1.43,1.0409976911362617,0.46238213868883515,1,0.3741935483870968,0.6967741935483871,0.15483870967741936,0.42709677419354836
B84021,2023-24,0,2023-04-01,2024-03-31,188.0,8854,2.12,53.716214456030585,-1.8873320982504924,100.0,100,8631.0,8631,/content/drive/MyDrive/wy_images/B84021_2023_24.png,24.989271312590592,183.1,0.5384,0.388912668352103,102.26,0.1670410349,4.03,23.58,Wakefield,5,100.75,0.5091,1.5100000000000051,0.3979063249827625,0.1499037898,23.34,D:/space2Health/wy_images/B84021_2023_24.png,2.2466015168452613,2.12,1.0409976911362617,0.12660151684526122,0,0.3419354838709677,0.7096774193548387,0.4935483870967742,0.48258064516129034
B84612,2023-24,0,2023-04-01,2024-03-31,197.0,8948,2.2,53.73196511875406,-1.877554350421804,119.0,119,7705.0,7705,/content/drive/MyDrive/wy_images/B84612_2023_24.png,30.57344429134908,207.4,0.6034,0.4232904619627672,101.8,0.1647356096,4.36,21.46,Wakefield,5,101.26,0.5568,0.539999999999992,0.416260726269823,0.1492215015,21.51,D:/space2Health/wy_images/B84612_2023_24.png,2.184836749268237,2.2,1.0409976911362617,-0.015163250731763167,0,0.3225806451612903,0.47096774193548385,0.567741935483871,0.4161290322580645
B84613,2023-24,0,2023-04-01,2024-03-31,330.0,9816,3.36,53.74381478853734,-1.8836151464791733,163.0,163,9387.0,9387,/content/drive/MyDrive/wy_images/B84613_2023_24.png,26.76003703981679,228.6,0.6608,0.4540157297173064,100.47,0.1599197161999999,5.66,17.7,Wakefield,5,100.34,0.5965,0.12999999999999545,0.4322290553895656,0.1480845370999999,17.75,D:/space2Health/wy_images/B84613_2023_24.png,3.243427521911359,3.36,1.0409976911362617,-0.1165724780886408,0,0.2645161290322581,0.18709677419354842,0.9548387096774194,0.37935483870967746
B84618,2023-24,0,2023-04-01,2024-03-31,275.0,8686,3.17,53.74442861672794,-1.868885510110294,141.0,141,8704.0,8704,/content/drive/MyDrive/wy_images/B84618_2023_24.png,25.81896353390922,238.2,0.6799,0.456328384279476,100.96,0.1613154094,5.23,12.32,Wakefield,5,100.31,0.6232,0.6499999999999915,0.4351474051942082,0.1460836453,12.43,D:/space2Health/wy_images/B84618_2023_24.png,2.6377437335365506,3.17,1.0409976911362617,-0.5322562664634494,0,0.2709677419354839,0.16774193548387095,0.9096774193548387,0.367741935483871
B84623,2023-24,0,2023-04-01,2024-03-31,96.0,4812,2.0,53.693249171105904,-1.790145827828681,57.0,57,4693.0,4693,/content/drive/MyDrive/wy_images/B84623_2023_24.png,25.49873993770225,117.5,0.5944,0.3888208963456676,105.48,0.1659525111,5.77,12.19,Wakefield,5,104.76,0.6083,0.7199999999999989,0.4038531509997701,0.1540824157999999,12.17,D:/space2Health/wy_images/B84623_2023_24.png,2.066305297932523,2.0,1.0409976911362617,0.06630529793252293,0,0.6903225806451613,0.49677419354838714,0.43870967741935485,0.5819354838709677
B86002,2023-24,0,2023-04-01,2024-03-31,313.0,15467,2.02,53.77620417470974,-1.5569906707231778,74.0,74,14298.0,14298,/content/drive/MyDrive/wy_images/B86002_2023_24.png,17.845785889491694,54.6,0.5044,0.3649601746724891,111.3,0.1745110779,4.8,28.41,Leeds,5,114.15,0.4495,-2.8500000000000085,0.3487348839347276,0.1425679895,28.44,D:/space2Health/wy_images/B86002_2023_24.png,2.1126342303023353,2.02,1.0409976911362617,0.09263423030233531,0,1.0,0.7870967741935484,0.45161290322580644,0.8264516129032258
B86003,2023-24,0,2023-04-01,2024-03-31,324.0,17101,1.89,53.79747467078678,-1.6009839154979797,361.0,361,16828.0,16828,/content/drive/MyDrive/wy_images/B86003_2023_24.png,27.58586494911037,84.2,0.4434,0.3684842197196046,108.45,0.1790628593999999,1.64,23.13,Leeds,5,110.77,0.4133,-2.319999999999993,0.331243139508159,0.1441615960999999,23.11,D:/space2Health/wy_images/B86003_2023_24.png,1.8074506310462513,1.89,1.0409976911362617,-0.08254936895374865,0,0.8903225806451613,0.9612903225806452,0.4,0.8135483870967744
B86004,2023-24,0,2023-04-01,2024-03-31,122.0,8410,1.45,53.85415070601147,-1.608485674917693,52.0,52,8201.0,8201,/content/drive/MyDrive/wy_images/B86004_2023_24.png,22.329505149496946,153.8,0.7258,0.4873656768558951,100.14,0.1730843564,2.39,13.86,Leeds,5,101.85,0.6629,-1.7099999999999937,0.4444163778441737,0.1283338515,14.01,D:/space2Health/wy_images/B86004_2023_24.png,1.8517177646766658,1.45,1.0409976911362617,0.40171776467666587,1,0.25161290322580643,0.09677419354838712,0.16129032258064516,0.1870967741935484
B86005,2023-24,0,2023-04-01,2024-03-31,135.0,5661,2.38,53.770905072517664,-1.5484010487169948,127.0,127,5378.0,5378,/content/drive/MyDrive/wy_images/B86005_2023_24.png,49.60177258095909,60.8,0.5165,0.3762848402666053,111.14,0.1733482749,5.16,29.52,Leeds,5,114.05,0.4638,-2.9099999999999966,0.3554525948057918,0.1425520662,29.55,D:/space2Health/wy_images/B86005_2023_24.png,2.517414239320949,2.38,1.0409976911362617,0.13741423932094898,0,0.9806451612903225,0.7677419354838709,0.6935483870967742,0.8593548387096774
B86006,2023-24,0,2023-04-01,2024-03-31,402.0,15211,2.64,53.75309952292728,-1.4627515906835176,35.0,35,15113.0,15113,/content/drive/MyDrive/wy_images/B86006_2023_24.png,22.010783358813605,50.3,0.6924,0.4561631946678924,107.89,0.1741128049999999,5.32,12.1,Leeds,5,111.88,0.6462,-3.989999999999995,0.4238778028039531,0.1533782129,12.14,D:/space2Health/wy_images/B86006_2023_24.png,2.315770266677239,2.64,1.0409976911362617,-0.32422973332276106,0,0.8580645161290322,0.13548387096774195,0.8129032258064516,0.6322580645161291
B86007,2023-24,0,2023-04-01,2024-03-31,330.0,9020,3.66,53.82143259381022,-1.453333174243283,164.0,164,8821.0,8821,/content/drive/MyDrive/wy_images/B86007_2023_24.png,22.66024232192966,97.5,0.5784,0.3849114088715238,103.69,0.1668086606,4.58,17.93,Leeds,5,107.66,0.5051,-3.969999999999999,0.3576000597563779,0.1347875528,17.95,D:/space2Health/wy_images/B86007_2023_24.png,3.3359933753005464,3.66,1.0409976911362617,-0.32400662469945374,0,0.4774193548387097,0.5483870967741935,0.9741935483870968,0.5980645161290322
B86008,2023-24,0,2023-04-01,2024-03-31,234.0,19452,1.2,53.85362988608375,-1.5483978545771755,113.0,113,19488.0,19488,/content/drive/MyDrive/wy_images/B86008_2023_24.png,21.4483245010847,135.6,0.6586,0.4701492484486325,100.33,0.1718905504,1.79,13.51,Leeds,5,104.03,0.6046,-3.700000000000003,0.4182062928062514,0.1222274328,13.49,D:/space2Health/wy_images/B86008_2023_24.png,1.9547001239543187,1.2,1.0409976911362617,0.7547001239543187,1,0.25806451612903225,0.22580645161290325,0.07419354838709677,0.21161290322580645
B86009,2023-24,0,2023-04-01,2024-03-31,154.0,8251,1.87,53.81154750213232,-1.4446573790666506,72.0,72,8207.0,8207,/content/drive/MyDrive/wy_images/B86009_2023_24.png,18.383650921337743,85.9,0.5835,0.3856822937255803,104.12,0.170287173,4.45,14.36,Leeds,5,107.88,0.5136,-3.759999999999991,0.3560582900482648,0.1378388978,14.28,D:/space2Health/wy_images/B86009_2023_24.png,2.0131050678059808,1.87,1.0409976911362617,0.14310506780598065,0,0.532258064516129,0.5419354838709678,0.38387096774193546,0.5054838709677419
B86010,2023-24,0,2023-04-01,2024-03-31,136.0,9877,1.38,53.8902402720671,-1.424869519279943,29.0,29,9777.0,9777,/content/drive/MyDrive/wy_images/B86010_2023_24.png,15.70898375367196,73.9,0.6957,0.4470594116295104,97.73,0.1788134197999999,6.01,2.3,Leeds,5,99.13,0.6234,-1.3999999999999915,0.3898120340151689,0.1340673311,2.3,D:/space2Health/wy_images/B86010_2023_24.png,1.4020847022005865,1.38,1.0409976911362617,0.02208470220058656,0,0.16774193548387098,0.1225806451612903,0.13225806451612904,0.14709677419354839
B86011,2023-24,0,2023-04-01,2024-03-31,177.0,9975,1.77,53.80075585342066,-1.6866286610004178,63.0,63,7177.0,7177,/content/drive/MyDrive/wy_images/B86011_2023_24.png,20.255833402052136,162.1,0.5949,0.4150309813835899,104.22,0.1787656007,2.41,16.12,Leeds,5,104.84,0.5767,-0.6200000000000045,0.4093594713858883,0.1455364291,15.37,D:/space2Health/wy_images/B86011_2023_24.png,1.8443547688729205,1.77,1.0374500410639775,0.07435476887292047,0,0.5548387096774193,0.48709677419354835,0.2967741935483871,0.4829032258064516
B86012,2023-24,0,2023-04-01,2024-03-31,441.0,19324,2.28,53.77301121755047,-1.5535849267805637,90.0,90,18028.0,18028,/content/drive/MyDrive/wy_images/B86012_2023_24.png,28.31937168096356,58.4,0.5105,0.3712740887152378,111.2,0.1740494015,4.93,28.71,Leeds,5,114.03,0.4567,-2.8299999999999983,0.3521120937715468,0.1425185507,28.63,D:/space2Health/wy_images/B86012_2023_24.png,2.3452185374900436,2.28,1.0409976911362617,0.0652185374900438,0,0.9870967741935484,0.7806451612903226,0.6161290322580645,0.850967741935484
B86014,2023-24,0,2023-04-01,2024-03-31,326.0,13389,2.43,53.79670791135398,-1.6611192387674565,303.0,303,13176.0,13176,/content/drive/MyDrive/wy_images/B86014_2023_24.png,19.697510471271247,138.4,0.6267,0.4315315881406573,105.37,0.1831365957,2.28,17.89,Leeds,5,106.44,0.629,-1.0699999999999932,0.4367993013100437,0.1447335776999999,17.94,D:/space2Health/wy_images/B86014_2023_24.png,2.0164946219843025,2.43,1.0409976911362617,-0.41350537801569764,0,0.6774193548387096,0.3419354838709677,0.7387096774193549,0.5890322580645162
B86015,2023-24,0,2023-04-01,2024-03-31,369.0,14134,2.61,53.81020537789459,-1.6291898863474925,358.0,358,14078.0,14078,/content/drive/MyDrive/wy_images/B86015_2023_24.png,21.85881744148207,99.9,0.5205,0.4114335187313261,106.02,0.1827697227,1.94,22.79,Leeds,5,107.68,0.5184,-1.6600000000000108,0.3719899103654333,0.1513113360999999,22.79,D:/space2Health/wy_images/B86015_2023_24.png,2.5213519387478076,2.61,1.0409976911362617,-0.08864806125219227,0,0.7548387096774194,0.7548387096774194,0.8,0.7638709677419355
B86016,2023-24,0,2023-04-01,2024-03-31,507.0,18192,2.79,53.80310135347129,-1.475879428682688,131.0,131,17976.0,17976,/content/drive/MyDrive/wy_images/B86016_2023_24.png,26.553299235472043,69.3,0.5241,0.3633449873592277,106.28,0.1759912009999999,4.08,19.69,Leeds,5,111.1,0.4854,-4.819999999999993,0.3490469087566077,0.1331766962,19.73,D:/space2Health/wy_images/B86016_2023_24.png,2.4613174205084776,2.79,1.0409976911362617,-0.32868257949152246,0,0.7806451612903226,0.7419354838709677,0.8387096774193549,0.7806451612903226
B86017,2023-24,0,2023-04-01,2024-03-31,270.0,16460,1.64,53.82637394104596,-1.59603987955626,206.0,206,15775.0,15775,/content/drive/MyDrive/wy_images/B86017_2023_24.png,26.81680419159293,89.1,0.5719,0.4127183268214203,104.64,0.1795819716,1.88,24.62,Leeds,5,107.46,0.5103,-2.819999999999993,0.3736234520799816,0.1343923984,24.82,D:/space2Health/wy_images/B86017_2023_24.png,1.4797483266232665,1.64,1.0409976911362617,-0.1602516733767334,0,0.632258064516129,0.5741935483870968,0.24516129032258063,0.5374193548387097
B86018,2023-24,0,2023-04-01,2024-03-31,198.0,7690,2.57,53.79642263961378,-1.66385563282881,124.0,124,7664.0,7664,/content/drive/MyDrive/wy_images/B86018_2023_24.png,18.68831297753836,142.9,0.6393,0.4340094323144104,105.25,0.1829261985,2.23,17.71,Leeds,5,106.21,0.6452,-0.9599999999999937,0.445425869914962,0.1448222671,17.69,D:/space2Health/wy_images/B86018_2023_24.png,1.9873288901868411,2.57,1.0409976911362617,-0.5826711098131587,0,0.6645161290322581,0.2645161290322581,0.7774193548387097,0.5670967741935484
B86019,2023-24,0,2023-04-01,2024-03-31,212.0,19726,1.07,53.82340336605143,-1.5417371865998082,219.0,219,9373.0,9373,/content/drive/MyDrive/wy_images/B86019_2023_24.png,18.96106408014285,89.0,0.5726,0.4091575729717306,104.4,0.1718917908999999,3.17,20.92,Leeds,5,110.39,0.466,-5.989999999999995,0.3666304251896116,0.1306936198,24.05,D:/space2Health/wy_images/B86019_2023_24.png,2.0139551091603156,1.07,1.0409976911362617,0.9439551091603156,1,0.6,0.567741935483871,0.01935483870967742,0.47419354838709676
B86020,2023-24,0,2023-04-01,2024-03-31,234.0,11194,2.09,53.73684226394421,-1.4915558087649403,88.0,88,10040.0,10040,/content/drive/MyDrive/wy_images/B86020_2023_24.png,27.07390036714479,65.7,0.6066,0.4152695886003218,107.99,0.1712783752,5.79,10.5,Leeds,5,111.98,0.573,-3.990000000000009,0.3958139232360377,0.1532870211999999,10.52,D:/space2Health/wy_images/B86020_2023_24.png,1.8277782106151068,2.09,1.0409976911362617,-0.26222178938489304,0,0.8709677419354839,0.44516129032258067,0.4774193548387097,0.6645161290322581
B86022,2023-24,0,2023-04-01,2024-03-31,253.0,14196,1.78,53.819852480365554,-1.4943458696273024,243.0,243,14006.0,14006,/content/drive/MyDrive/wy_images/B86022_2023_24.png,18.031178302076054,79.0,0.5871,0.4055417559181797,106.14,0.1767691742,3.77,25.23,Leeds,5,111.09,0.5564,-4.950000000000003,0.3794968604918409,0.1194160798,25.34,D:/space2Health/wy_images/B86022_2023_24.png,1.540686507916246,1.78,1.0409976911362617,-0.23931349208375408,0,0.7741935483870968,0.5096774193548388,0.3032258064516129,0.6006451612903226
B86024,2023-24,0,2023-04-01,2024-03-31,274.0,9140,3.0,53.79369117475619,-1.6002604539849792,306.0,306,8921.0,8921,/content/drive/MyDrive/wy_images/B86024_2023_24.png,35.28096206197171,83.3,0.4478,0.3655658699149621,108.9,0.1807587251,2.21,20.37,Leeds,5,111.17,0.4183,-2.269999999999996,0.3333355412548839,0.1448690419,20.45,D:/space2Health/wy_images/B86024_2023_24.png,2.6757489726907435,3.0,1.0409976911362617,-0.3242510273092565,0,0.9096774193548387,0.9516129032258065,0.8806451612903226,0.9164516129032257
B86028,2023-24,0,2023-04-01,2024-03-31,130.0,5258,2.47,53.74289952922715,-1.5977717967830525,103.0,103,5098.0,5098,/content/drive/MyDrive/wy_images/B86028_2023_24.png,26.144022523575945,134.0,0.4802,0.37463294415077,109.95,0.1748292366,6.05,16.6,Leeds,5,112.02,0.4433,-2.069999999999993,0.3429165387267294,0.1546560834,16.6,D:/space2Health/wy_images/B86028_2023_24.png,2.6403015584862706,2.47,1.0409976911362617,0.17030155848627038,0,0.9483870967741935,0.8709677419354839,0.7483870967741936,0.8851612903225806
B86029,2023-24,0,2023-04-01,2024-03-31,95.0,5704,1.67,53.904722978006376,-1.701479077687124,116.0,116,5638.0,5638,/content/drive/MyDrive/wy_images/B86029_2023_24.png,25.744406533798816,105.3,0.7359,0.4634866007814295,95.36,0.1769895641,3.94,8.45,Leeds,5,97.16,0.6953,-1.7999999999999972,0.4580536980004596,0.1337829690999999,8.51,D:/space2Health/wy_images/B86029_2023_24.png,1.774480062320338,1.67,1.0409976911362617,0.10448006232033813,0,0.11612903225806452,0.058064516129032295,0.26129032258064516,0.12774193548387097
B86032,2023-24,0,2023-04-01,2024-03-31,281.0,18871,1.49,53.90360165264773,-1.667684979103846,114.0,114,18903.0,18903,/content/drive/MyDrive/wy_images/B86032_2023_24.png,22.721273379640703,103.1,0.7445,0.4689562123649736,94.96,0.1770887111,3.93,6.63,Leeds,5,97.31,0.7082,-2.3500000000000085,0.4633948287749942,0.1320470505999999,6.67,D:/space2Health/wy_images/B86032_2023_24.png,1.698215317032147,1.49,1.0409976911362617,0.20821531703214702,0,0.10967741935483871,0.032258064516129004,0.18064516129032257,0.10064516129032258
B86033,2023-24,0,2023-04-01,2024-03-31,216.0,11854,1.82,53.930619735140965,-1.3904509445142756,33.0,33,11138.0,11138,/content/drive/MyDrive/wy_images/B86033_2023_24.png,24.35589035917836,39.4,0.5861,0.4090107377614341,96.45,0.1709642695,6.65,7.97,Leeds,5,97.44,0.533,-0.9899999999999949,0.3243051758216502,0.1439488636,7.89,D:/space2Health/wy_images/B86033_2023_24.png,1.6352802304974752,1.82,1.0409976911362617,-0.1847197695025249,0,0.14838709677419354,0.5290322580645161,0.34516129032258064,0.30193548387096775
B86034,2023-24,0,2023-04-01,2024-03-31,151.0,6746,2.24,53.90144224687314,-1.3462312462775463,32.0,32,6716.0,6716,/content/drive/MyDrive/wy_images/B86034_2023_24.png,18.87810382802876,35.7,0.6205,0.4306689312801655,98.12,0.1852941841,6.41,5.28,Leeds,5,98.76,0.5684,-0.6400000000000006,0.3596924615031027,0.1442944118,5.34,D:/space2Health/wy_images/B86034_2023_24.png,2.037912614673163,2.24,1.0409976911362617,-0.20208738532683723,0,0.18064516129032257,0.37419354838709673,0.5838709677419355,0.3193548387096774
B86035,2023-24,0,2023-04-01,2024-03-31,374.0,9333,4.01,53.765870062625545,-1.5261153444405058,146.0,146,8463.0,8463,/content/drive/MyDrive/wy_images/B86035_2023_24.png,19.77276384086469,60.2,0.5008,0.3820481222707423,110.13,0.1751726224,5.26,14.34,Leeds,5,113.35,0.4624,-3.219999999999999,0.3605184095610204,0.1429396137999999,14.36,D:/space2Health/wy_images/B86035_2023_24.png,3.554650335887751,4.01,1.0409976911362617,-0.45534966411224875,0,0.9612903225806452,0.8,0.9935483870967742,0.9193548387096775
B86036,2023-24,0,2023-04-01,2024-03-31,297.0,11310,2.63,53.7741544994554,-1.3731363748886027,44.0,44,10099.0,10099,/content/drive/MyDrive/wy_images/B86036_2023_24.png,18.83827082538579,63.6,0.6596,0.4204271753619857,105.98,0.1793366079,7.12,9.75,Leeds,5,108.35,0.5452,-2.3699999999999903,0.3287285865318318,0.1533562441,9.79,D:/space2Health/wy_images/B86036_2023_24.png,1.906164988895683,2.63,1.0409976911362617,-0.7238350111043168,0,0.7483870967741936,0.20967741935483875,0.8064516129032258,0.5983870967741935
B86038,2023-24,0,2023-04-01,2024-03-31,226.0,11393,1.98,53.87005402015115,-1.7017970319059614,125.0,125,11910.0,11910,/content/drive/MyDrive/wy_images/B86038_2023_24.png,29.018350009875192,160.2,0.6036,0.4358815812456906,98.15,0.1744112527,3.15,12.63,Leeds,5,99.12,0.5407,-0.9699999999999989,0.401375306826017,0.1282929254,12.54,D:/space2Health/wy_images/B86038_2023_24.png,1.9385659613137123,1.98,1.0409976911362617,-0.0414340386862877,0,0.1870967741935484,0.46451612903225803,0.4290322580645161,0.31870967741935485
B86039,2023-24,0,2023-04-01,2024-03-31,129.0,9703,1.33,53.82454762836937,-1.5317387496156605,217.0,217,9757.0,9757,/content/drive/MyDrive/wy_images/B86039_2023_24.png,22.59559435605268,89.0,0.4781,0.361601319236957,106.03,0.1749436602999999,4.1,27.47,Leeds,5,111.36,0.4414,-5.329999999999998,0.3471196966214663,0.1283463503,27.39,D:/space2Health/wy_images/B86039_2023_24.png,1.415986240603381,1.33,1.0409976911362617,0.08598624060338089,0,0.7612903225806451,0.8774193548387097,0.12258064516129032,0.6683870967741935
B86041,2023-24,0,2023-04-01,2024-03-31,143.0,7882,1.81,53.82263835873388,-1.6090387612348571,253.0,253,7677.0,7677,/content/drive/MyDrive/wy_images/B86041_2023_24.png,19.999869335926444,80.1,0.5619,0.4249974212824638,105.22,0.1752032774999999,1.58,19.9,Leeds,5,107.05,0.524,-1.8299999999999983,0.3768721811077913,0.1421454945,19.91,D:/space2Health/wy_images/B86041_2023_24.png,1.956998499507406,1.81,1.0409976911362617,0.14699849950740584,0,0.6580645161290323,0.6322580645161291,0.33225806451612905,0.5851612903225807
B86042,2023-24,0,2023-04-01,2024-03-31,500.0,15457,3.23,53.75348343475561,-1.5377125033265322,112.0,112,11273.0,11273,/content/drive/MyDrive/wy_images/B86042_2023_24.png,23.48534630676687,101.0,0.6153,0.4495739646058376,108.99,0.1670310928999999,5.77,16.01,Leeds,5,111.0,0.5703,-2.010000000000005,0.3996132843024592,0.1420412098,15.99,D:/space2Health/wy_images/B86042_2023_24.png,2.9523480561391984,3.23,1.0409976911362617,-0.2776519438608016,0,0.9225806451612903,0.4193548387096774,0.9451612903225807,0.7761290322580646
B86043,2023-24,0,2023-04-01,2024-03-31,248.0,9786,2.53,53.7937483750941,-1.4982793053016454,186.0,186,9299.0,9299,/content/drive/MyDrive/wy_images/B86043_2023_24.png,32.888712070515865,54.9,0.4558,0.3401266697310963,108.63,0.1811390184,4.21,20.89,Leeds,5,113.36,0.4262,-4.730000000000004,0.3366393334865548,0.1386089004999999,20.73,D:/space2Health/wy_images/B86043_2023_24.png,3.0071767639714637,2.53,1.0409976911362617,0.4771767639714639,1,0.9,0.9258064516129032,0.7548387096774194,0.8787096774193549
B86044,2023-24,0,2023-04-01,2024-03-31,418.0,27969,1.49,53.84536310051423,-1.6266569083644704,153.0,153,27031.0,27031,/content/drive/MyDrive/wy_images/B86044_2023_24.png,24.136761583159604,136.8,0.6879,0.4666068490002298,101.02,0.176235582,2.16,15.55,Leeds,5,102.28,0.6448,-1.2600000000000051,0.4230335003447483,0.1324639983,15.73,D:/space2Health/wy_images/B86044_2023_24.png,1.57677794301079,1.49,1.0409976911362617,0.08677794301079,0,0.27741935483870966,0.1483870967741936,0.18064516129032257,0.21935483870967742
B86048,2023-24,0,2023-04-01,2024-03-31,294.0,14393,2.04,53.80005244735545,-1.3826792506514545,46.0,46,14199.0,14199,/content/drive/MyDrive/wy_images/B86048_2023_24.png,32.84424112475276,74.3,0.6844,0.4459397931509996,104.3,0.1787544391,6.02,9.2,Leeds,5,106.31,0.5795,-2.010000000000005,0.3440912204091013,0.1497645916,9.23,D:/space2Health/wy_images/B86048_2023_24.png,2.012361686908626,2.04,1.0409976911362617,-0.02763831309137421,0,0.5806451612903226,0.1548387096774193,0.4645161290322581,0.4296774193548387
B86049,2023-24,0,2023-04-01,2024-03-31,111.0,10263,1.08,53.82277359478646,-1.5359444990108226,138.0,138,8593.0,8593,/content/drive/MyDrive/wy_images/B86049_2023_24.png,20.537419625370823,87.3,0.5323,0.3908398804872443,105.76,0.1739095560999999,2.9,25.54,Leeds,5,109.77,0.4656,-4.009999999999991,0.3598209423121121,0.1295770234,25.52,D:/space2Health/wy_images/B86049_2023_24.png,1.3605936398776501,1.08,1.0409976911362617,0.28059363987765007,0,0.7290322580645161,0.7161290322580645,0.025806451612903226,0.584516129032258
B86050,2023-24,0,2023-04-01,2024-03-31,446.0,20583,2.17,53.81450600185846,-1.6634034357118406,280.0,280,20447.0,20447,/content/drive/MyDrive/wy_images/B86050_2023_24.png,19.327882551736977,114.9,0.5604,0.4128835164330039,103.99,0.1834658382,2.36,15.65,Leeds,5,104.85,0.551,-0.8599999999999994,0.3959607584463341,0.150688408,15.6,D:/space2Health/wy_images/B86050_2023_24.png,1.8714263081066895,2.17,1.0409976911362617,-0.2985736918933104,0,0.5032258064516129,0.6387096774193548,0.5419354838709678,0.5516129032258064
B86051,2023-24,0,2023-04-01,2024-03-31,250.0,14769,1.69,53.86000822193248,-1.6881014788635742,195.0,195,14572.0,14572,/content/drive/MyDrive/wy_images/B86051_2023_24.png,24.07353566841489,152.3,0.6956,0.469708742817743,99.04,0.1760765587999999,3.38,11.94,Leeds,5,100.1,0.6206,-1.059999999999988,0.4238594484026661,0.1284667323999999,11.98,D:/space2Health/wy_images/B86051_2023_24.png,1.853839295311817,1.69,1.0409976911362617,0.16383929531181707,0,0.21935483870967742,0.12903225806451613,0.2709677419354839,0.20258064516129032
B86052,2023-24,0,2023-04-01,2024-03-31,169.0,11591,1.46,53.88214339263365,-1.731227743608081,47.0,47,11186.0,11186,/content/drive/MyDrive/wy_images/B86052_2023_24.png,20.318719764788828,156.5,0.5847,0.4207024913812917,96.89,0.1735471556999999,3.58,8.47,Leeds,5,98.12,0.5542,-1.230000000000004,0.3969518961158354,0.1255499587,8.4,D:/space2Health/wy_images/B86052_2023_24.png,1.6476264946585943,1.46,1.0409976911362617,0.18762649465859438,0,0.16129032258064516,0.5354838709677419,0.16774193548387098,0.27483870967741936
B86054,2023-24,0,2023-04-01,2024-03-31,320.0,6309,5.07,53.797443739489125,-1.493765713152467,100.0,100,6303.0,6303,/content/drive/MyDrive/wy_images/B86054_2023_24.png,25.2185425058372,57.5,0.4771,0.3467893173982992,107.81,0.1819426847,4.04,20.59,Leeds,5,112.92,0.4539,-5.109999999999999,0.3339045276947828,0.1320677587,20.59,D:/space2Health/wy_images/B86054_2023_24.png,3.993538517604419,5.07,1.0374500410639775,-1.0764614823955814,0,0.8451612903225807,0.8838709677419355,1.0,0.8877419354838709
B86055,2023-24,0,2023-04-01,2024-03-31,208.0,6463,3.22,53.817304670518425,-1.4549060446595878,73.0,73,6404.0,6404,/content/drive/MyDrive/wy_images/B86055_2023_24.png,23.884085249105368,92.5,0.5783,0.3827822983222247,103.9,0.1654756765,4.21,17.86,Leeds,5,108.06,0.5111,-4.159999999999997,0.3641892898184325,0.1346289795999999,17.96,D:/space2Health/wy_images/B86055_2023_24.png,2.6642097819669344,3.22,1.0409976911362617,-0.5557902180330658,0,0.4967741935483871,0.5548387096774193,0.932258064516129,0.6012903225806452
B86057,2023-24,0,2023-04-01,2024-03-31,414.0,19249,2.15,53.7504395677016,-1.6120207540965934,82.0,82,18552.0,18552,/content/drive/MyDrive/wy_images/B86057_2023_24.png,41.2503294513584,135.9,0.4495,0.3685392829234659,109.43,0.1788165533,5.66,14.51,Leeds,5,111.68,0.4178,-2.25,0.3424576786945529,0.1528367897,14.46,D:/space2Health/wy_images/B86057_2023_24.png,1.9934421181444884,2.15,1.0409976911362617,-0.15655788185551156,0,0.9419354838709677,0.935483870967742,0.5258064516129032,0.856774193548387
B86059,2023-24,0,2023-04-01,2024-03-31,348.0,15880,2.19,53.83161326972173,-1.5594084962981871,295.0,295,15668.0,15668,/content/drive/MyDrive/wy_images/B86059_2023_24.png,28.70334136244253,95.9,0.5949,0.4289252631578947,103.68,0.1759036823,1.24,22.24,Leeds,5,107.67,0.5315,-3.989999999999995,0.4009164467938405,0.1290574471,22.26,D:/space2Health/wy_images/B86059_2023_24.png,2.050794796263164,2.19,1.0409976911362617,-0.13920520373683587,0,0.46774193548387094,0.48709677419354835,0.5612903225806452,0.492258064516129
B86060,2023-24,0,2023-04-01,2024-03-31,263.0,10802,2.43,53.79402458042988,-1.5960753145549125,283.0,283,10189.0,10189,/content/drive/MyDrive/wy_images/B86060_2023_24.png,35.54262309149924,77.5,0.4387,0.3607753711790393,109.09,0.1805719889,2.15,20.11,Leeds,5,111.48,0.4077,-2.3900000000000006,0.32880200413698,0.1447012613,20.02,D:/space2Health/wy_images/B86060_2023_24.png,2.290999328426827,2.43,1.0409976911362617,-0.1390006715731733,0,0.9290322580645162,0.967741935483871,0.7387096774193549,0.9025806451612903
B86062,2023-24,0,2023-04-01,2024-03-31,310.0,8435,3.68,53.80683807880015,-1.4717906237352696,216.0,216,8401.0,8401,/content/drive/MyDrive/wy_images/B86062_2023_24.png,27.58283236513319,72.2,0.5511,0.3741006665134452,105.7,0.173058351,3.89,18.9,Leeds,5,110.43,0.5098,-4.730000000000004,0.3614911928292347,0.131294514,18.88,D:/space2Health/wy_images/B86062_2023_24.png,2.832988828127056,3.68,1.0374500410639775,-0.8470111718729441,0,0.7096774193548387,0.6709677419354838,0.9806451612903225,0.7522580645161291
B86064,2023-24,0,2023-04-01,2024-03-31,337.0,16620,2.03,53.72440513960076,-1.561943415834907,64.0,64,14828.0,14828,/content/drive/MyDrive/wy_images/B86064_2023_24.png,25.85899977234118,121.2,0.6188,0.4636334359917261,108.38,0.1682896865,6.44,9.27,Leeds,5,111.69,0.5734,-3.3100000000000023,0.425070838887612,0.1513075202,9.3,D:/space2Health/wy_images/B86064_2023_24.png,1.8920506810173476,2.03,1.0409976911362617,-0.13794931898265217,0,0.8838709677419355,0.38064516129032255,0.45806451612903226,0.6477419354838709
B86066,2023-24,0,2023-04-01,2024-03-31,162.0,14146,1.15,53.84210428684116,-1.515119016851918,116.0,116,13945.0,13945,/content/drive/MyDrive/wy_images/B86066_2023_24.png,20.494258303746538,129.3,0.6133,0.4242081820271202,102.28,0.15966362,3.32,19.05,Leeds,5,105.97,0.5702,-3.6899999999999977,0.3887658331418064,0.1153301448,18.97,D:/space2Health/wy_images/B86066_2023_24.png,1.799966639767047,1.15,1.0409976911362617,0.6499666397670472,1,0.34838709677419355,0.43870967741935485,0.05806451612903226,0.31741935483870964
B86067,2023-24,0,2023-04-01,2024-03-31,519.0,17177,3.02,53.7449021761968,-1.5991851748670214,103.0,103,15040.0,15040,/content/drive/MyDrive/wy_images/B86067_2023_24.png,27.604784198329376,132.4,0.4656,0.3693835853826707,110.03,0.1753456627,6.06,16.54,Leeds,5,112.01,0.4273,-1.980000000000004,0.3354095886003218,0.1549940266999999,16.5,D:/space2Health/wy_images/B86067_2023_24.png,2.7814288352687067,3.02,1.0409976911362617,-0.23857116473129336,0,0.9548387096774194,0.9096774193548387,0.8903225806451613,0.9283870967741935
B86068,2023-24,0,2023-04-01,2024-03-31,177.0,7755,2.28,53.83233052095574,-1.6083861861861863,170.0,170,7659.0,7659,/content/drive/MyDrive/wy_images/B86068_2023_24.png,19.12401359541595,104.9,0.6172,0.4461233371638703,103.6,0.1743344368999999,1.77,17.26,Leeds,5,105.11,0.5751,-1.5100000000000051,0.4010082188002758,0.1362841723,17.27,D:/space2Health/wy_images/B86068_2023_24.png,2.0645552818494783,2.28,1.0409976911362617,-0.21544471815052146,0,0.44516129032258067,0.4032258064516129,0.6161290322580645,0.4667741935483871
B86069,2023-24,0,2023-04-01,2024-03-31,149.0,14520,1.03,53.81138160943382,-1.583186609049704,237.0,237,13017.0,13017,/content/drive/MyDrive/wy_images/B86069_2023_24.png,23.71519750857343,64.1,0.4669,0.3750734497816594,107.74,0.1760129996,1.13,34.06,Leeds,5,110.64,0.4037,-2.9000000000000057,0.3373368007354631,0.1392717743,33.79,D:/space2Health/wy_images/B86069_2023_24.png,1.4264346786179645,1.03,1.0409976911362617,0.39643467861796444,1,0.8387096774193549,0.9032258064516129,0.0064516129032258064,0.6916129032258065
B86070,2023-24,0,2023-04-01,2024-03-31,135.0,4612,2.93,53.86340438505096,-1.6872707429218574,209.0,209,4415.0,4415,/content/drive/MyDrive/wy_images/B86070_2023_24.png,27.20361207923163,158.1,0.6819,0.4650283704895426,98.74,0.1761580808,3.24,13.9,Leeds,5,99.64,0.6001,-0.9000000000000057,0.4206474281774305,0.1300977703,13.88,D:/space2Health/wy_images/B86070_2023_24.png,2.7577163794367174,2.93,1.0409976911362617,-0.17228362056328272,0,0.2129032258064516,0.16129032258064513,0.8709677419354839,0.3290322580645161
B86071,2023-24,0,2023-04-01,2024-03-31,188.0,8632,2.18,53.78621609048327,-1.6161495544384783,179.0,179,8753.0,8753,/content/drive/MyDrive/wy_images/B86071_2023_24.png,24.214933609183927,93.7,0.4975,0.3888943139508159,108.91,0.1842219721,2.57,14.19,Leeds,5,110.64,0.4825,-1.730000000000004,0.3614728384279476,0.1408618324999999,14.24,D:/space2Health/wy_images/B86071_2023_24.png,2.1139213296595956,2.18,1.0409976911362617,-0.0660786703404046,0,0.9161290322580645,0.8129032258064516,0.5516129032258065,0.812258064516129
B86075,2023-24,0,2023-04-01,2024-03-31,311.0,13018,2.39,53.80808139590391,-1.452353848167539,81.0,81,12988.0,12988,/content/drive/MyDrive/wy_images/B86075_2023_24.png,20.35090654178917,86.6,0.6172,0.4099651666283613,104.58,0.1682850528,3.88,14.73,Leeds,5,108.72,0.5465,-4.140000000000001,0.3766519282923465,0.1377706373,14.73,D:/space2Health/wy_images/B86075_2023_24.png,2.1539802444833867,2.39,1.0409976911362617,-0.23601975551661347,0,0.6258064516129033,0.4032258064516129,0.7032258064516129,0.5745161290322581
B86081,2023-24,0,2023-04-01,2024-03-31,307.0,15250,2.01,53.80817652215146,-1.507283908007045,157.0,157,14762.0,14762,/content/drive/MyDrive/wy_images/B86081_2023_24.png,24.532565282125613,70.4,0.5023,0.3680987772925764,107.72,0.1820848301,4.47,39.09,Leeds,5,113.57,0.4826,-5.849999999999994,0.3534886738680763,0.1242734239,38.74,D:/space2Health/wy_images/B86081_2023_24.png,1.8093210830651496,2.01,1.0409976911362617,-0.20067891693485018,0,0.832258064516129,0.7935483870967742,0.44516129032258067,0.7432258064516128
B86086,2023-24,0,2023-04-01,2024-03-31,94.0,7576,1.24,53.821217232183216,-1.5883760524333284,303.0,303,6637.0,6637,/content/drive/MyDrive/wy_images/B86086_2023_24.png,22.694843302616057,84.6,0.5302,0.4049360606757067,105.94,0.1755578876999999,1.55,26.53,Leeds,5,108.3,0.4766,-2.3599999999999994,0.3659880211445644,0.1371260233,26.8,D:/space2Health/wy_images/B86086_2023_24.png,1.416374519762884,1.24,1.0409976911362617,0.1763745197628841,0,0.7419354838709677,0.7225806451612904,0.0967741935483871,0.6070967741935485
B86089,2023-24,0,2023-04-01,2024-03-31,138.0,5929,2.33,53.756859708485166,-1.3693614575741802,130.0,130,5763.0,5763,/content/drive/MyDrive/wy_images/B86089_2023_24.png,16.628572796387672,45.4,0.643,0.4212347690186164,107.3,0.1792097343,6.8,5.42,Leeds,5,110.5,0.5338,-3.200000000000003,0.340640592967134,0.145554719,5.39,D:/space2Health/wy_images/B86089_2023_24.png,1.7296123728624264,2.33,1.0409976911362617,-0.6003876271375737,0,0.8258064516129032,0.25806451612903225,0.6548387096774193,0.6212903225806451
B86092,2023-24,0,2023-04-01,2024-03-31,212.0,6672,3.18,53.76539590796405,-1.3745378850325378,73.0,73,6454.0,6454,/content/drive/MyDrive/wy_images/B86092_2023_24.png,19.4875589642026,54.1,0.6589,0.4256948885313721,106.53,0.1797247817,6.93,9.51,Leeds,5,109.28,0.5425,-2.75,0.3356665502183406,0.1510827692,9.56,D:/space2Health/wy_images/B86092_2023_24.png,2.4653427268951713,3.18,1.0374500410639775,-0.7146572731048288,0,0.7870967741935484,0.21935483870967742,0.9161290322580645,0.6425806451612903
B86093,2023-24,0,2023-04-01,2024-03-31,136.0,5820,2.34,53.8267547427176,-1.479721616954474,101.0,101,5733.0,5733,/content/drive/MyDrive/wy_images/B86093_2023_24.png,20.744888845291744,91.1,0.6355,0.429310705584923,104.31,0.1681219132,3.88,17.75,Leeds,5,108.5,0.5795,-4.189999999999998,0.3923816501953574,0.1224034257,17.8,D:/space2Health/wy_images/B86093_2023_24.png,2.25669005495594,2.34,1.0409976911362617,-0.08330994504405975,0,0.5870967741935483,0.29032258064516125,0.667741935483871,0.5141935483870967
B86094,2023-24,0,2023-04-01,2024-03-31,118.0,4880,2.42,53.79985825015277,-1.6471716968832757,143.0,143,4909.0,4909,/content/drive/MyDrive/wy_images/B86094_2023_24.png,21.93737245941024,118.0,0.5475,0.4109379498965755,105.3,0.1874528975,2.07,19.98,Leeds,5,106.53,0.5546,-1.230000000000004,0.4011366996092852,0.1515542366,19.89,D:/space2Health/wy_images/B86094_2023_24.png,2.073653508139856,2.42,1.0409976911362617,-0.34634649186014377,0,0.6709677419354839,0.6903225806451613,0.7258064516129032,0.687741935483871
B86096,2023-24,0,2023-04-01,2024-03-31,199.0,5596,3.56,53.765743839719896,-1.5282352596771056,179.0,179,5141.0,5141,/content/drive/MyDrive/wy_images/B86096_2023_24.png,19.234695574821284,61.8,0.4811,0.3712190255113767,110.45,0.1758111909,5.28,16.56,Leeds,5,113.92,0.4453,-3.469999999999999,0.3536538634796598,0.1427024499,16.41,D:/space2Health/wy_images/B86096_2023_24.png,3.6000233405790847,3.56,1.0409976911362617,0.04002334057908463,0,0.9741935483870968,0.864516129032258,0.9612903225806452,0.9387096774193548
B86100,2023-24,0,2023-04-01,2024-03-31,102.0,7709,1.32,53.82370758439512,-1.531773300932615,132.0,132,7613.0,7613,/content/drive/MyDrive/wy_images/B86100_2023_24.png,22.183981851601565,87.6,0.4558,0.3509374120891749,106.61,0.1762825158,4.37,28.11,Leeds,5,112.34,0.4187,-5.730000000000004,0.3388602160422891,0.1301741616999999,28.08,D:/space2Health/wy_images/B86100_2023_24.png,1.3499282485347817,1.32,1.0409976911362617,0.0299282485347816,0,0.7935483870967742,0.9258064516129032,0.11612903225806452,0.697741935483871
B86101,2023-24,0,2023-04-01,2024-03-31,77.0,3444,2.24,53.75765731347599,-1.6309389531521112,48.0,48,3458.0,3458,/content/drive/MyDrive/wy_images/B86101_2023_24.png,23.77664829156205,149.2,0.4281,0.3812405286141117,108.37,0.1845692814,5.38,9.02,Leeds,5,110.81,0.3943,-2.4399999999999977,0.3554893036083659,0.1483118252,9.08,D:/space2Health/wy_images/B86101_2023_24.png,2.088215718079414,2.24,1.0409976911362617,-0.15178428192058613,0,0.8774193548387097,0.9870967741935484,0.5838709677419355,0.8516129032258065
B86104,2023-24,0,2023-04-01,2024-03-31,360.0,16532,2.18,53.78228244468391,-1.5890682406609196,369.0,369,13920.0,13920,/content/drive/MyDrive/wy_images/B86104_2023_24.png,34.09154955332221,98.6,0.5483,0.4218955274649506,107.97,0.1752529122,3.64,19.8,Leeds,5,109.9,0.5181,-1.9300000000000068,0.3723753527924615,0.1464148158999999,19.74,D:/space2Health/wy_images/B86104_2023_24.png,2.373894486465183,2.18,1.0409976911362617,0.19389448646518304,0,0.864516129032258,0.6838709677419355,0.5516129032258065,0.747741935483871
B86106,2023-24,0,2023-04-01,2024-03-31,222.0,7396,3.0,53.81386958135641,-1.469347061121965,110.0,110,7166.0,7166,/content/drive/MyDrive/wy_images/B86106_2023_24.png,21.97131436238305,74.1,0.5654,0.3722835807860262,104.79,0.1646612722,3.43,18.99,Leeds,5,109.76,0.5247,-4.969999999999999,0.379203190071248,0.1301722264,19.11,D:/space2Health/wy_images/B86106_2023_24.png,2.5335089808214866,3.0,1.0409976911362617,-0.46649101917851343,0,0.6387096774193548,0.6064516129032258,0.8806451612903226,0.6774193548387096
B86109,2023-24,0,2023-04-01,2024-03-31,108.0,7590,1.42,53.82013952105432,-1.5896485519125685,370.0,370,6222.0,6222,/content/drive/MyDrive/wy_images/B86109_2023_24.png,22.58836387340981,83.2,0.5215,0.401081636405424,106.13,0.1755940136,1.62,26.38,Leeds,5,108.24,0.4748,-2.1099999999999994,0.3641892898184325,0.1382495351,25.99,D:/space2Health/wy_images/B86109_2023_24.png,1.5347860721987874,1.42,1.0409976911362617,0.11478607219878745,0,0.7677419354838709,0.7483870967741936,0.14838709677419354,0.6380645161290323
B86625,2023-24,0,2023-04-01,2024-03-31,89.0,4237,2.1,53.91755727787794,-1.4083271336595415,93.0,93,3883.0,3883,/content/drive/MyDrive/wy_images/B86625_2023_24.png,17.011121739256286,50.6,0.6385,0.4276221006665134,96.65,0.1729205002,5.91,5.74,Leeds,5,97.9,0.5682,-1.25,0.3501665272351184,0.1402722311,5.72,D:/space2Health/wy_images/B86625_2023_24.png,1.798440166144872,2.1,1.0409976911362617,-0.3015598338551282,0,0.15483870967741936,0.2709677419354839,0.4838709677419355,0.25548387096774194
B86642,2023-24,0,2023-04-01,2024-03-31,57.0,3012,1.89,53.772658509525584,-1.526254848711244,161.0,161,2677.0,2677,/content/drive/MyDrive/wy_images/B86642_2023_24.png,36.97129759133249,52.7,0.4716,0.3658411859342679,110.16,0.1778814653,4.96,14.0,Leeds,5,113.52,0.4362,-3.3599999999999994,0.3511393105033326,0.1423976992999999,14.26,D:/space2Health/wy_images/B86642_2023_24.png,2.348053421613663,1.89,1.0409976911362617,0.4580534216136629,1,0.967741935483871,0.8903225806451613,0.4,0.830967741935484
B86643,2023-24,0,2023-04-01,2024-03-31,61.0,3708,1.65,53.81564272883788,-1.5170231936872307,126.0,126,3485.0,3485,/content/drive/MyDrive/wy_images/B86643_2023_24.png,21.02809234947277,68.0,0.4489,0.346110204550678,107.84,0.1812282358999999,5.02,44.98,Leeds,5,114.0,0.4272,-6.159999999999997,0.3382912296023903,0.1303073327,44.59,D:/space2Health/wy_images/B86643_2023_24.png,1.4470766275978275,1.65,1.0409976911362617,-0.2029233724021724,0,0.8516129032258064,0.9419354838709677,0.25161290322580643,0.7587096774193547
B86648,2023-24,0,2023-04-01,2024-03-31,54.0,2379,2.27,53.79765763588157,-1.4458100132567389,122.0,122,2263.0,2263,/content/drive/MyDrive/wy_images/B86648_2023_24.png,17.86068684379618,79.3,0.6146,0.4077626384739141,105.06,0.1721942399,3.99,13.72,Leeds,5,109.2,0.5443,-4.140000000000001,0.3692918133762354,0.1421835062,13.83,D:/space2Health/wy_images/B86648_2023_24.png,2.106002344661503,2.27,1.0409976911362617,-0.16399765533849697,0,0.6451612903225806,0.432258064516129,0.603225806451613,0.5729032258064517
B86655,2023-24,0,2023-04-01,2024-03-31,31.0,1931,1.61,53.79721369073276,-1.6187414978448278,163.0,163,1856.0,1856,/content/drive/MyDrive/wy_images/B86655_2023_24.png,18.38568527794844,95.4,0.5264,0.4082398529073776,107.27,0.1821160702,2.34,19.34,Leeds,5,109.06,0.5132,-1.7900000000000063,0.371017127097219,0.1450807992,19.49,D:/space2Health/wy_images/B86655_2023_24.png,1.6268993680066102,1.61,1.0409976911362617,0.01689936800661007,0,0.8193548387096774,0.7290322580645161,0.23870967741935484,0.6761290322580645
B86658,2023-24,0,2023-04-01,2024-03-31,229.0,10613,2.16,53.76630775326958,-1.4371361760687098,158.0,158,10246.0,10246,/content/drive/MyDrive/wy_images/B86658_2023_24.png,17.35425806302993,61.7,0.6602,0.4358632268444036,107.07,0.1750353345,5.83,11.02,Leeds,5,110.15,0.5935,-3.0800000000000125,0.3854069777062744,0.1514802017,11.11,D:/space2Health/wy_images/B86658_2023_24.png,1.9880967048103926,2.16,1.0409976911362617,-0.17190329518960756,0,0.8064516129032258,0.1967741935483871,0.535483870967742,0.5693548387096774
B86667,2023-24,0,2023-04-01,2024-03-31,119.0,7914,1.5,53.769700843228826,-1.5633963815877252,166.0,166,7495.0,7495,/content/drive/MyDrive/wy_images/B86667_2023_24.png,27.32987901204267,66.3,0.4897,0.3669608044127787,111.22,0.1742403829,4.64,23.57,Leeds,5,114.0,0.4389,-2.780000000000001,0.3415766674327741,0.1440210871,23.35,D:/space2Health/wy_images/B86667_2023_24.png,1.7944689868434949,1.5,1.0409976911362617,0.2944689868434949,0,0.9935483870967742,0.832258064516129,0.1935483870967742,0.7851612903225806
B86669,2023-24,0,2023-04-01,2024-03-31,56.0,2412,2.32,53.80235119018404,-1.522959717791411,236.0,236,2445.0,2445,/content/drive/MyDrive/wy_images/B86669_2023_24.png,28.99623899198105,66.7,0.5169,0.3800658469317398,107.09,0.1777125855,4.07,25.87,Leeds,5,111.45,0.4756,-4.359999999999999,0.3593070190760745,0.1376432255,24.55,D:/space2Health/wy_images/B86669_2023_24.png,2.0237212512409735,2.32,1.0409976911362617,-0.2962787487590264,0,0.8129032258064516,0.7612903225806451,0.6451612903225806,0.7638709677419354
B86672,2023-24,0,2023-04-01,2024-03-31,167.0,6547,2.55,53.78413452191867,-1.6100275349428212,210.0,210,6296.0,6296,/content/drive/MyDrive/wy_images/B86672_2023_24.png,33.88029039042618,90.0,0.4679,0.3747981337623535,109.32,0.1840313088,2.63,15.14,Leeds,5,111.23,0.447,-1.9100000000000108,0.3462570397609745,0.1416349620999999,15.11,D:/space2Health/wy_images/B86672_2023_24.png,2.336308379416716,2.55,1.0409976911362617,-0.21369162058328373,0,0.9354838709677419,0.896774193548387,0.7612903225806451,0.889032258064516
B86673,2023-24,0,2023-04-01,2024-03-31,85.0,3176,2.68,53.884026766085775,-1.3441729524128685,57.0,57,2984.0,2984,/content/drive/MyDrive/wy_images/B86673_2023_24.png,21.92794131110186,44.0,0.6452,0.4161689542633877,98.55,0.1840488769,6.35,3.61,Leeds,5,99.63,0.5945,-1.0799999999999983,0.365235490691795,0.1341053886,3.67,D:/space2Health/wy_images/B86673_2023_24.png,2.114612898168138,2.68,1.0409976911362617,-0.5653871018318624,0,0.1935483870967742,0.25161290322580643,0.8258064516129032,0.33741935483870966
B86675,2023-24,0,2023-04-01,2024-03-31,124.0,4781,2.59,53.80191159124708,-1.5198993350329295,151.0,151,4707.0,4707,/content/drive/MyDrive/wy_images/B86675_2023_24.png,28.57407607751236,54.3,0.4194,0.3335007308664675,108.63,0.1823467718,5.14,29.04,Leeds,5,114.66,0.3945,-6.030000000000001,0.3284899793151,0.1345519193,28.99,D:/space2Health/wy_images/B86675_2023_24.png,2.859712401453356,2.59,1.0409976911362617,0.26971240145335607,0,0.9,0.9935483870967742,0.7870967741935484,0.905483870967742
B86678,2023-24,0,2023-04-01,2024-03-31,79.0,2795,2.83,53.75508575009081,-1.6606360588448963,66.0,66,2753.0,2753,/content/drive/MyDrive/wy_images/B86678_2023_24.png,22.702285545889456,169.6,0.4615,0.3951715191909906,106.75,0.1894376813,4.68,8.25,Leeds,5,109.93,0.4504,-3.180000000000007,0.3940151919099057,0.145120458,8.31,D:/space2Health/wy_images/B86678_2023_24.png,2.590128918143543,2.83,1.0409976911362617,-0.2398710818564571,0,0.8,0.9161290322580645,0.8483870967741935,0.844516129032258
